,Athlete,score
0,Aleksey Nemov,0.6477137004237506
1,Alicia Coutts,0.3014308581296442
2,Missy Franklin,0.7215203038067597
3,Nastia Liukin,0.03881372667594307
4,Sun Yang,0.02493622964565223
5,Susie O'Neill,0.9468956157229685
6,An Hyeon-Su,0.2635709175703863
7,Aliya Mustafina,0.9634893788731224
8,Shawn Johnson,0.9791577001561032
9,Petter Northug Jr.,0.9582191820917884
10,Yannick Agnel,0.44670671130061335
11,Brittany Elmslie,0.15416067184340132
12,Ryosuke Irie,0.12659107229267963
13,Camille Muffat,0.4918667515615188
14,Satomi Suzuki,0.502627971809652
15,Margaret Hoelzer,0.9211309068431688
16,Katie Hoff,0.48966331033929045
17,Andrew Lauterstein,0.1314448408632919
18,Steph Rice,0.4237334188860111
19,Eamon Sullivan,0.3299397035785132
20,Jodie Henry,0.5016533876592424
21,Otylia Jedrzejczak,0.24053880575004294
22,Laure Manaudou,0.047728756699232044
23,Roland Schoeman,0.5008525166286194
24,Therese Alshammar,0.5199820251918456
25,Matt Welsh,0.4235509073300009
26,Lee Jeong-Su,0.12512096751397161
27,Jin Seon-Yu,0.828326116135596
28,Marc Gagnon,0.043174730037452314
29,Stephanie Beckert,0.4674548652941872
30,Martina Sáblíková,0.030793173791394013
31,Enrico Fabris,0.25394702115636325
32,Jochem Uytdehaage,0.017245865545809758
33,Gregor Schlierenzauer,0.10775028040871437
34,Lars Bystøl,0.8089896657506372
35,Johnny Spillane,0.10549419873866706
36,Samppa Lajunen,0.9903588150248241
37,Aly Raisman,0.0779132351188766
38,Cheng Fei,0.2394774690108037
39,Yang Yilin,0.4211828531397863
40,Marian Dragulescu,0.5546309426106103
41,Paul Hamm,0.5447969538118788
42,Carly Patterson,0.6878238001389134
43,Simona Amânar,0.5013007589687181
44,Yekaterina Lobaznyuk,0.8718164121964426
45,Florian Rousseau,0.9969767847040228
46,Stefania Belmondo,0.03295836544504316
47,Bente Skari-Martinsen,0.3553268157526205
48,Magdalena Neuner,0.3990179957590212
49,Emil Hegle Svendsen,0.6993570762353923
50,Michael Greis,0.37766055576374313
51,Yohan Blake,0.48383807547289315
52,Carmelita Jeter,0.9727337679385989
53,Aksel Lund Svindal,0.35578085807041493
54,Stephan Eberharter,0.16656169417282907
55,Ding Ning,0.7987113548951084
56,Li Xiaoxia,0.7577730517630112
57,Zhang Jike,0.6651038561189871
58,Kong Linghui,0.7152807657588792
59,Li Ju,0.7184475338285395
60,Liu Guoliang,0.9070246758789149
61,Viktoriya Azarenko,0.7643262174150387
62,Andy Murray,0.2054252075166163
63,Nicolás Massú,0.5799285669087795
64,Ona Carbonell,0.9681198648697471
65,Gemma Mengual,0.8897416955783686
66,Alison Bartosik,0.12142917383797747
67,Anna Kozlova,0.6586270820521463
68,Elizabeth Beisel,0.014138793464244404
69,Mireia Belmonte,0.30883284596566274
70,Aleksandra Gerasimenya,0.37607220274162345
71,Jessica Hardy,0.7483781456528196
72,Chad le Clos,0.4958087161178252
73,Clément Lefert,0.4185297923450749
74,James Magnussen,0.8864227487984655
75,Jeremy Stravius,0.677209041433112
76,Aya Terakawa,0.5534792829148875
77,Nick Thoman,0.3944096132971012
78,Ye Shiwen,0.5340688952065609
79,Leith Brodie,0.30608885470324065
80,Felicity Galvez,0.10017429605754447
81,Christine Magnuson,0.08985949127184534
82,Patrick Murphy,0.38004739103402807
83,Shayne Reese,0.9009819956353391
84,Julia Smit,0.579234098589772
85,Arkady Vyachanin,0.4214666347350815
86,Garrett Weber-Gale,0.4937114144036957
87,Brooke Hanson,0.08062725630480527
88,Rachel Komisarz,0.36837697283679893
89,Tomomi Morita,0.18967657870421617
90,Markus Rogan,0.17290860304935685
91,Takashi Yamamoto,0.6388454813836065
92,Brooke Bennett,0.4447222954522113
93,Beatrice Coada-Caslaru,0.8996572167880995
94,Josh Davis,0.8034419823586305
95,Tom Dolan,0.06534183736846655
96,Anthony Ervin,0.19944131586341085
97,Domenico Fioravanti,0.06182769819223388
98,Geoff Huegill,0.024379369330795098
99,Diana Mocanu,0.6073515063728152
100,Martina Moravcová,0.7223365288284824
101,Ed Moses,0.20819751489321014
102,Mai Nakamura,0.7365122320453101
103,Claudia Poll,0.8767211541059764
104,Courtney Shealy,0.01586620012695794
105,Ashley Tappin,0.988703104476324
106,Stev Theloke,0.5568704703804004
107,Amy Van Dyken,0.2776409084210637
108,J. R. Celski,0.720686207739302
109,Park Seung-Hui,0.6174513782069809
110,Katherine Reutter,0.6345481645898724
111,Seong Si-Baek,0.7231499178384407
112,Marianne St-Gelais,0.029091653050141386
113,Zhou Yang,0.704865667706744
114,Anouk Leblanc-Boucher,0.3085179040351659
115,Go Gi-Hyeon,0.6284735960540028
116,Wang Chunlu,0.34027007804488496
117,Yang Yang (S),0.4235749680698131
118,Lee Seung-Hun,0.18183019652709387
119,Mo Tae-Beom,0.4354894430880284
120,Ivan Skobrev,0.1387064623663039
121,Carl Verheijen,0.1407112972760607
122,Erben Wennemars,0.3828373012547732
123,Derek Parra,0.10659744862076048
124,Jennifer Rodriguez,0.12903453492566874
125,Roar Ljøkelsøy,0.3336920941721656
126,Sven Hannawald,0.3603752319876491
127,Niccolò Campriani,0.23512293827240416
128,Lee Bo-Na,0.9115530643604434
129,Mikhail Nestruyev,0.11902284670368046
130,Igor Basinsky,0.11505520863462937
131,Tao Luna,0.10421829300399577
132,Kim Crow,0.8708792203977634
133,Pieta van Dishoeck,0.10117236002341934
134,Eeke van Nes,0.2255610034958888
135,Bill Demong,0.16438132830691077
136,Bernhard Gruber,0.0249532485180729
137,Magnus Moan,0.8628602687239845
138,Denis Ablyazin,0.4128437246441672
139,Gabby Douglas,0.20319535532771082
140,Feng Zhe,0.5526551395797751
141,Viktoriya Komova,0.7021667781092467
142,McKayla Maroney,0.5746968908289802
143,Marcel Nguyen,0.02337776203714148
144,Mariya Paseka,0.9357161508932448
145,Max Whitlock,0.47967213623890836
146,Anton Golotsutskov,0.7054966555170105
147,Jonathan Horton,0.6614669090662679
148,Xiao Qin,0.8732607252807956
149,Alexandra Eremia,0.6596617527189362
150,Annia Hatch,0.5213964041414334
151,Terin Humphrey,0.8224798511603438
152,Courtney Kupets,0.023710318296166766
153,Anna Pavlova,0.49459092650758263
154,Monica Rosu,0.22822810964233553
155,Dana Sofronie,0.12411509888865169
156,Isao Yoneda,0.4728846513091569
157,Oleksandr Beresh,0.46652900755571813
158,Aleksey Bondarenko,0.30024669016923766
159,Lee Ju-Hyeong,0.9634043123468087
160,Liu Xuan,0.3903213987726315
161,Maria Olaru,0.5269425104014132
162,Yelena Produnova,0.785700457382192
163,Andreea Raducan,0.4982195535585595
164,Elisa Di Francisca,0.08483062448678291
165,Arianna Errigo,0.4496472218062154
166,Sun Yujie,0.01363197728884269
167,Stefano Carozzo,0.17119010189678752
168,Margherita Granbassi,0.7071822234053154
169,Nicolas Lopez,0.3722490156299544
170,Matteo Tagliariol,0.16293780387922963
171,Becca Ward,0.060992110187571225
172,Maureen Nisima,0.39258545486462304
173,Mathieu Gourdain,0.6385635757500826
174,Gianna Hablützel-Bürki,0.7239190110672686
175,Rita König,0.7767955555675722
176,Wiradech Kothny,0.5303734510355921
177,Sandra Auffarth,0.6132754816111574
178,Laura Bechtolsheimer,0.10879677223021533
179,Adelinde Cornelissen,0.15143575779245866
180,Charlotte Dujardin,0.30706366728109713
181,Michael Jung,0.8832963084639245
182,Gerco Schröder,0.6251891769608329
183,Eric Lamaze,0.019023941651155618
184,Hinrich Romeike,0.34895111694647407
185,Beatriz Ferrer-Salat,0.8373303577030584
186,Chris Kappler,0.8664519956300937
187,Marco Kutscher,0.9416459130378221
188,Kim Severson,0.5338135190019123
189,Andrew Hoy,0.6337530576764535
190,David O'Connor,0.8574351943390117
191,David Boudia,0.1863882813710258
192,He Zi,0.42512380294168384
193,Ilya Zakharov,0.4922494312173522
194,Gleb Galperin,0.9960548702584296
195,Wang Xin,0.6702858230511184
196,Mathew Helm,0.0010432481795157322
197,Lao Lishi,0.06979712071494937
198,Chantelle Michell-Newbery,0.5877381763260395
199,Fu Mingxia,0.9785340599641368
200,Anne Montminy,0.5127186995665686
201,Xiong Ni,0.2086957540461386
202,Sarah Hammer,0.9790110524005036
203,Laura Trott,0.13398393231503603
204,Olga Zabelinskaya,0.8691940490452086
205,Fabian Cancellara,0.6648065085832171
206,Hayden Roulston,0.4531222426265885
207,Ryan Bayley,0.04281440522230029
208,Graeme Brown,0.6490635268177385
209,Sergi Escobar,0.9978790399586908
210,Rob Hayles,0.5013182284943991
211,René Wolff,0.33621828051111824
212,Félicia Ballanger,0.25570504045500164
213,Robert Bartko,0.952396503249013
214,Jens Lehmann,0.18431791250669693
215,Gary Neiwand,0.7345629240496084
216,Jason Queally,0.5715551666870885
217,Jan Ullrich,0.39510829406801484
218,Anna Haag,0.8956846434210882
219,Marcus Hellner,0.5216083708508763
220,Charlotte Kalla,0.7402046770626883
221,Axel Teichmann,0.8634219929922676
222,Yevgeny Dementyev,0.8849109622770812
223,Thobias Fredriksson,0.9686224776541632
224,Björn Lind,0.0960988797494835
225,Yevgeniya Medvedeva,0.8729311959802053
226,Thomas Alsgaard,0.23227506770655248
227,Anita Moen-Guidon,0.6381514301043989
228,Kristen Skjeldal,0.1739526256500461
229,Tina Dietze,0.7192676530386366
230,Franziska Weber,0.8577176037664129
231,Ken Wallace,0.5149618726191697
232,Nathan Baggaley,0.6547330713347261
233,Aleksandr Kovalyov,0.5581189997208822
234,Knut Holmann,0.13783129501172808
235,Petar Merkov,0.5253269674452694
236,Florin Popescu,0.45015575464396695
237,Mitica Pricop,0.9742229469115002
238,Marie Laure Brunet,0.3886320418338588
239,Marie Dorin,0.7960734944274082
240,Simone Hauswald,0.3490911613775768
241,Vincent Jay,0.22942853977810818
242,Anastasia Kuzmina,0.33193490769978473
243,Christoph Sumann,0.5585107184538766
244,Yevgeny Ustyugov,0.9096268042425965
245,Florence Baverel-Robert,0.4172660947996273
246,Anna-Carin Olofsson-Zidek,0.20897694877895945
247,Frank Luck,0.06134764074821997
248,Liv Grete Skjelbreid-Poirée,0.7022841373274576
249,Magdalena Wallin-Forsberg,0.9595114312275144
250,Zhao Yunlei,0.8592007159862668
251,Lee Hyo-Jeong,0.004214356575861999
252,Yu Yang,0.515135735888388
253,Vivian Cheruiyot,0.18352184753245138
254,Will Claye,0.6226774608480002
255,Mo Farah,0.4695198439179987
256,Lalonde Gordon,0.890270996794867
257,Elvan Abeylegesse,0.06475094124138303
258,Kerron Clement,0.9692362086152175
259,Walter Dix,0.4285856084694555
260,LaShawn Merritt,0.7986003495531577
261,David Neville,0.039449197682227655
262,Derrick Brew,0.6151869760822468
263,Otis Harris,0.06192259271326872
264,Ato Boldon,0.5277297468016604
265,Pauline Davis-Thompson,0.032456836682563606
266,Lorraine Graham,0.6313755356383628
267,Greg Haughton,0.4850618244177509
268,Deon Hemmings,0.4839078220196341
269,Merlene Ottey-Page,0.9139077434679522
270,Irina Privalova,0.7282416763596171
271,Gabriela Szabo,0.2606414881187732
272,Gete Wami,0.8388598320238809
273,Elisabeth Görgl,0.11294357315156844
274,Lindsey Kildow-Vonn,0.3364104560109581
275,Tina Maze,0.37724794874071044
276,Maria Riesch,0.03161008520181463
277,Michaela Dorfmeister,0.036629418416680326
278,Hermann Maier,0.3464799224445805
279,Rainer Schönfelder,0.26758296347213795
280,Renate Götschl,0.7165306344470191
281,Lasse Kjus,0.7428127393704446
282,Ki Bo-Bae,0.9022302718653767
283,Oh Jin-Hyek,0.5911711886914734
284,Yun Ok-Hui,0.9630048107838188
285,Kim Su-Nyeong,0.8837381522360863
286,Vic Wunderle,0.06625508086317977
287,Artur Aleksanyan,0.8183026446196638
288,Valeriy Andriitsev,0.470724367301672
289,Jordan Burroughs,0.6877398241976633
290,Clarissa Chun,0.25169873011365906
291,Yogeshwar Dutt,0.9389406604868265
292,Jaime Espinal,0.6090611270096148
293,Johan Eurén,0.8166432297290315
294,Daniyal Gadzhiyev,0.6935759285920926
295,Komeil Ghasemi,0.28414737525707223
296,Sadegh Goudarzi,0.5457131368856283
297,Damian Janikowski,0.6180050517018939
298,Jing Ruixue,0.771883338300565
299,Arsen Julfalakyan,0.4467022963735048
300,Riza Kayaalp,0.12353739243189543
301,Aleksandras Kazakevicius,0.04631967418172145
302,Vladimer Khinchegashvili,0.7002368409394013
303,Alan Khugayev,0.6756491310409131
304,Kim Hyeon-Wu,0.3398740333615613
305,Zaur Kuramagomedov,0.8829558905181981
306,Ehsan Naser Lashgari,0.30963637512360265
307,Revaz Lashkhi,0.5813258198437846
308,Jimmy Lidberg,0.8116962432054352
309,Liván López,0.5306248803924213
310,Tamás Lorincz,0.3348727275208607
311,Bilyal Makhov,0.8187049933871833
312,Dato Marsagishvili,0.6564269036489121
313,Ryutaro Matsumoto,0.5620670175954786
314,Péter Módos,0.7756750681988974
315,Davit Modzmanashvili,0.9243647905261789
316,Heiki Nabi,0.4764582127296607
317,Omid Noroozi,0.6554784948482193
318,Hitomi Obara,0.9889229297854505
319,Dzhamal Otarsultanov,0.9982327190916576
320,Yuliya Ratkeviç,0.1320211135527677
321,Ghasem Rezaei,0.5649427423056339
322,Coleman Scott,0.7144253336598453
323,Mingiyan Semyonov,0.6897723314778229
324,Soronzonboldyn Battsetseg,0.8256932655175957
325,Hamid Soryan,0.6987302955381987
326,S?rif S?rifov,0.9973853263078506
327,Akzhurek Tanatarov,0.6926444429821876
328,Rustam Totrov,0.8029320854418931
329,Denis Tsargush,0.4326444670164752
330,Manuchar Tskhadaia,0.2663035565567131
331,Maider Unda,0.04852763592940035
332,Jake Varner,0.6475711810136459
333,Roman Vlasov,0.5565682858639394
334,Lyubov Volosova,0.941925789167479
335,Nataliya Vorobyova,0.6988362696242927
336,Yang Kyong-Il,0.7647407630712032
337,Tatsuhiro Yonemitsu,0.5317003575673276
338,Shinichi Yumoto,0.9564759706525352
339,Emin ?hm?dov,0.5439262220817723
340,Togrul ?sg?rov,0.6232891177680018
341,Yusuf Abdusalomov,0.6815005096787877
342,Bakhtiyar Akhmedov,0.7488693063231294
343,Islam-Beka Albiyev,0.7751726706200729
344,Roman Amoyan,0.6292135503097366
345,Nazmi Avluca,0.5767711743774042
346,Kanat Begaliyev,0.05566693062030037
347,Henry Cejudo,0.7282719932539773
348,Chang Yongxiang,0.05833449106721833
349,Taras Danko,0.7324268321617324
350,Mirko Englich,0.8590671346726634
351,Vasyl Fedoryshyn,0.8467425304070837
352,Zoltán Fodor,0.4310215292925248
353,Murad Gaydarov,0.7172723279758723
354,Christophe Guénot,0.4256306908671389
355,Manuchar K'virk'elia,0.058552417380553945
356,Alyona Kartashova,0.0013948768856714144
357,Georgy Ketoyev,0.49695206498744504
358,Aslanbek Khushtov,0.5021118548492651
359,Aset Mambetov,0.5375045494882242
360,Nazyr Mankiyev,0.8260073582547499
361,Tomohiro Matsunaga,0.9728539490867213
362,Randi Miller,0.39922118312559773
363,Revaz Mindorashvili,0.8039217875201259
364,Andrea Minguzzi,0.4874327489571838
365,Mindaugas Mizgaitis,0.25368471161263073
366,Seyed Mohammadi,0.2823046839098188
367,Sharvani Muradov,0.5180035304746764
368,Marid Mutalimov,0.6195570922982464
369,Park Eun-Chul,0.7460902910480274
370,Yury Patrikeyev,0.9149891525696998
371,Vitaliy R?himov,0.37567673967843096
372,Ramazan Sahin,0.4315493760800082
373,Mikhail Semyonov,0.3017971117025875
374,Yelena Shalygina,0.035979471630876114
375,Andriy Stadnik,0.7312387279488364
376,Nurbakyt Tengizbayev,0.9961478027516648
377,Kiril Terziev,0.17973771134173566
378,Taymuraz Tigiyev,0.1725971538647617
379,Otar Tushishvili,0.39531494350705143
380,Ruslan Tyumenbayev,0.6382110007818659
381,Armen Vardanian,0.47184719599970937
382,Radoslav Velikov,0.44355275820284
383,Wang Jiao,0.791565905922366
384,Adam Wheeler,0.5771134500837225
385,Agnieszka Wieszczek,0.7507753926110461
386,Xu Li,0.6737702474909532
387,Yavor Yanakiev,0.8856207502318929
388,Kenichi Yumoto,0.39208876760420464
389,Stephen Abas,0.08178541485487767
390,Ara Abrahamian,0.8136566466754357
391,Aleksandr Dokturishivili,0.6184935615897168
392,Seref Eroglu,0.3074390648895864
393,Iván Fundora,0.5849402794525889
394,Khadzhimurat Gatsalov,0.6031910243870814
395,Lise Golliot-Legrand,0.24023128995382215
396,Anna Gomis,0.010156447075076347
397,Ali Reza Heidari,0.007769978626618657
398,Magamed Ibragimov,0.4233170110726342
399,Kenji Inoue,0.7791016734653804
400,Jeong Ji-Hyeon,0.9630794403975712
401,Jamill Kelly,0.44685119048449207
402,Atryom Kyuregyan,0.704829370573876
403,Gennady Laliyev,0.945115597622241
404,István Majoros,0.8889865830264424
405,Vyacheslav Makarenko,0.508210005175359
406,Gaydar Mamedaliyev,0.8263949428814347
407,Mkhitar Manukyan,0.7262599379498232
408,Sara McMann,0.22541598092354276
409,Patricia Miranda,0.9212932918483097
410,Aleksey Mishin,0.9211811099204757
411,Roberto Monzón,0.2653489931062474
412,Masoud Moustafa Gokar,0.6300400523859552
413,Makhach Murtazaliyev,0.637137135253898
414,F?rid M?nsurov,0.10712640509926874
415,Ramaz Nozadze,0.19129574436475372
416,Mehmet Özal,0.851222604801993
417,Aydin Polatçi,0.8839426276875022
418,Yandro Quintana,0.6842527765674936
419,Ali Reza Rezaei,0.42335713046518497
420,Cael Sanderson,0.13819465717662172
421,Sazhid Sazhidov,0.4004749445233249
422,Chikara Tanabe,0.25235381542303814
423,Elbrus Tedieiev,0.48767747070483347
424,Georgy Tsurtsumia,0.7679534592318374
425,Wang Xu,0.5785998377943726
426,Namiq Abdullayev,0.49022479247638295
427,Filiberto Azcuy,0.295136782242837
428,Sándor István Bárdosi,0.19496680147731082
429,Serafim Barzakov,0.11959452708976481
430,Islam Bayramukov,0.016083641108922353
431,Adem Bereket,0.9110786119945107
432,Terry Brands,0.6561143827010714
433,Yevhen Buslovych,0.29855395632512893
434,Ak'ak'i Chachua,0.8157129379348166
435,Ali Reza Dabir,0.1432752161409453
436,Dmitry Debelka,0.06508055721033179
437,Arsen Gitinov,0.18705625762759093
438,Aleksey Glushkov,0.7336163518875667
439,Sammie Henson,0.3190320918848042
440,Mogamed Ibragimov,0.1146898304232904
441,Daniel Igali,0.8111019400522844
442,Jang Jae-Seong,0.545606822976979
443,Eldar K'urt'anidze,0.5782027748420865
444,Kang Yong-Gyun,0.30191891394949055
445,Amiran Kardanov,0.8738957536672046
446,Murat Kardanov,0.9009064115879679
447,Aleksandr Karelin,0.6604655699767386
448,Kim In-Seop,0.3667074672856513
449,Matt Lindland,0.05079060598019769
450,Mikael Ljungberg,0.3181775511093632
451,Garrett Lowney,0.10453669738371185
452,Juan Luis Marén,0.9027091252822304
453,Lincoln McIlravy,0.13432280583572243
454,Sagid Murtazaliyev,0.8418081446287752
455,Katsuhiko Nagata,0.2381514440109691
456,Lázaro Rivas,0.6808027529436754
457,Alexis Rodríguez,0.8455856271285276
458,Yoel Romero,0.1707794354501967
459,David Saldadze,0.24495890682136612
460,Adam Saytiyev,0.24052318369266168
461,Sheng Zetian,0.9782626663163976
462,Sim Gwon-Ho,0.7832012620841067
463,Brandon Slay,0.7157552601913905
464,Murad Umakhanov,0.490351130791882
465,Mukhran Vakht'angadze,0.08397163978417843
466,Hamza Yerlikaya,0.5499303159426742
467,Ruslan Albegov,0.001595217863945897
468,Sajjad Anoushiravani,0.09660826983843263
469,Apti Aukhadov,0.789554264265028
470,Bartlomiej Bonk,0.24121297939224806
471,Iván Cambar,0.2618754540163193
472,Zulfiya Chinshanlo,0.5494908459944894
473,Anatolii Cîrîcu,0.35083440355415874
474,Roxana Cocos,0.8153695366896214
475,Oscar Figueroa,0.7212099595437738
476,Christine Girard,0.9776517973463286
477,Hsu Shu-Ching,0.3763115220845237
478,Cristina Iovu,0.6846115158083993
479,Aleksandr Ivanov,0.007464060146904927
480,Yuliya Kalina,0.8093732312674505
481,Tatyana Kashirina,0.8621779775126343
482,Hripsime Khurshudyan,0.06365226616407116
483,Kim Un-Guk,0.05720392408020525
484,Irina Kulesha,0.684137532939803
485,Li Xueying,0.5674331469635986
486,Lin Qingfeng,0.3627936571136845
487,Lu Haojie,0.1752115400300427
488,Lu Xiaojun,0.5240482384368471
489,Maiya Maneza,0.6919773731391924
490,Razvan Martin,0.2873771391112796
491,Hiromi Miyake,0.06355098917837632
492,Navab Nasirshelal,0.377879205167724
493,Om Yun-Chol,0.8713011119837588
494,Svetlana Podobedova,0.21250056121492267
495,Rim Jong-Sim,0.048409088707001
496,Kianoush Rostami,0.7597834574391021
497,Ryang Chun-Hwa,0.14798846594703696
498,Behdad Salimi,0.6369851498435359
499,Marina Shkermankova,0.07642844551491224
500,Pimsiri Sirikaew,0.07388453641961823
501,Oleksiy Torokhtiy,0.46951380286394184
502,Svetlana Tsarukayeva,0.1603890323100079
503,Wang Mingjuan,0.8880171007528546
504,Wu Jingbiao,0.9906068092888423
505,Valentin Xristov,0.4756428976063585
506,Zhou Lulu,0.41132492405192034
507,Adrian Zielinski,0.05723570659714394
508,Andrey Aryamnov,0.5955404512668008
509,Cao Lei,0.7868448190887161
510,Chen Wei-Ling,0.06669528053348694
511,Chen Xiexia,0.3303417068745672
512,Yevgeny Chigishev,0.22713756500676863
513,Vencelas Dabaya,0.5395069863842586
514,Gevorg Davtyan,0.16265444561190656
515,Nataliya Davydova,0.2321669372442855
516,Mariya Grabovetskaya,0.6848502409170075
517,Hoàng Anh Tu?n,0.8402714582648385
518,Prapawadee Jaroenrattanatarakoon,0.876347118713744
519,Dmitry Klokov,0.49700240516636174
520,Olha Korobka,0.48425326009454817
521,Dmitry Lapikov,0.9865557253104839
522,Li Hongli,0.655773552048418
523,Liao Hui,0.6396287390131756
524,Long Qingquan,0.2433814754072421
525,Lu Ying-Chi,0.24448105123155917
526,Lu Yong,0.6398057442414845
527,Tigran G. Martirosyan,0.5256059714415808
528,Tigran V. Martirosyan,0.08148062861450223
529,Irina Nekrasova,0.05240074198197242
530,Anastasiya Novikova,0.8746779393114517
531,O Jong-Ae,0.923541963302211
532,Sibel Özkan,0.3371226100711817
533,Pak Hyon-Suk,0.6965938953723706
534,Sa Jae-Hyeok,0.09771668458643834
535,Diego Fernando Salazar,0.8745332259820691
536,Marina Shainova,0.8137864455160797
537,Oksana Slivenko,0.04995958271891865
538,Matthias Steiner,0.12828185094712774
539,Alla Vazhenina,0.20557397154674306
540,Nadezhda Yevstyukhina,0.6317930679729283
541,Yoon Jin-Hee,0.43492650711238645
542,Sedat Artuç,0.5350852997464758
543,Anna Batyushko,0.7972039982717233
544,Dmitry Berestov,0.5747772623657159
545,Veliçko Çolakov,0.4105216931367155
546,Milen Dobrev,0.5211030799135409
547,Sergey Filimonov,0.7108481722953227
548,Wandee Kameaim,0.5016944623280356
549,Zarema Kasayeva,0.8411881142612689
550,Eszter Krutzler,0.2135002803943722
551,Le Maosheng,0.520309256113497
552,Lee Bae-Yeong,0.30413717005240304
553,Li Zhuo,0.6329764963928142
554,Mabel Mosquera,0.2961251606745563
555,Oleg Perepechonov,0.5389356247771975
556,Gleb Pisarevsky,0.22534721484241804
557,Udomporn Polsak,0.7455652972602438
558,Ihor Razoronov,0.7968815297699372
559,Israel José Rubio,0.056282674637561536
560,Taner Sagir,0.6214880188276406
561,Shi Zhiyong,0.4256209305352445
562,Nataliya Skakun,0.7468808616177091
563,Tatyana Stukalova,0.020081406485985
564,Tang Gonghong,0.1547595221983915
565,Nurcan Taylan,0.6808452575195761
566,Pawina Thongsuk,0.2689984364511202
567,Eduard Tyukin,0.4870082097497479
568,Aree Wiratthaworn,0.8624033004071429
569,Wu Meijin,0.9519804069564516
570,Zhang Guozheng,0.16211451426538115
571,Galabin Boevski,0.5864644787131915
572,Andrey Chemerkin,0.13626242027835855
573,Chen Xiaomin,0.7393273617684853
574,Ding Meiyuan,0.0737840566885074
575,Cheryl Haworth,0.5482645692750904
576,Marc Huster,0.16329908785749936
577,Sri Indriyani,0.3530480821745926
578,Soraya Jiménez,0.37343418103368764
579,Akakios Kakiasvili,0.6019295332531964
580,Ioanna Khatziioannou,0.8842032403510998
581,Kuo Yi-Hang,0.33718118589787127
582,Sergey Lavrenov,0.8856359482718386
583,Li Feng-Ying,0.47364596645589363
584,Lin Weining,0.5582204891224163
585,Karnam Malleswari,0.5993070758203505
586,Georgi Markov,0.8204646301402437
587,Erzsébet Márkus-Peresztegi,0.2775650140395427
588,Arsen Melikyan,0.6750549177265934
589,Viktor Mitrou,0.22664822081390112
590,Tara Nott-Cunningham,0.6796251839930172
591,Ruth Ogbeifo,0.4066112466796159
592,Gennady Oleshchuk,0.683412498061032
593,Aleksey Petrov,0.23349629575490483
594,Leonidas Sabanis,0.6796340308692015
595,Asaad Said Saif,0.813089486279177
596,Winarni Binti Slamet,0.3802280449844916
597,Khassaraporn Suta,0.5530485934913404
598,Hossein Tavakoli,0.4268861933854232
599,Alan Tsagaev,0.2820579313165269
600,María Isabel Urrutia,0.42617657407400855
601,Ronny Weller,0.22122541921192052
602,Wu Wenxiong,0.5319742262594623
603,Yang Xia,0.5176636473873943
604,Zhan Xugang,0.2530004437077915
605,Matteo Aicardi,0.834764075163656
606,Milan Aleksic,0.7018522147129509
607,Marta Bach,0.32765459887705806
608,Samir Barac,0.8440230618127984
609,Andrea Blas,0.15080867816926669
610,Miho Bokovic,0.5516592411662258
611,Victoria Brown,0.8839909186795555
612,Ivan Buljubaic,0.2306120490672653
613,Damir Buric,0.09445868943131586
614,Andro Bulje,0.8211267167377364
615,Nika Dobud,0.2155515078204513
616,Annika Dries,0.5580433335512729
617,Anna Espar,0.9765545657967184
618,Laura Ester,0.22882851405066063
619,Maurizio Felugo,0.21444978650118196
620,Pietro Figlioli,0.15774430955718644
621,Deni Fiorentini,0.9793447856863078
622,Valentino Gallo,0.19471584634881145
623,Maica García,0.2759234984132065
624,Massimo Giacoppo,0.36985926851870665
625,Alex Giorgetti,0.9727949289628722
626,Niccolò Gitto,0.4475971952237219
627,Igor Hinic,0.1864952318512778
628,Maro Jokovic,0.8672945453791142
629,Holly Lincoln-Smith,0.010282175794081416
630,Duan Mandic,0.31506263399512624
631,Courtney Mathewson,0.518135998132199
632,Ona Meseguer,0.8413615464355174
633,Lorena Miranda,0.6060796160755922
634,Stefan Mitrovic,0.8055487227962821
635,Jane Moran,0.8968501598361288
636,Petar Muslim,0.0012570691651297983
637,Paulo Obradovic,0.22746608822288938
638,Mati Ortíz,0.42685285899634373
639,Jenny Pareja,0.26941756802866235
640,Giacomo Pastorino,0.007560923390406038
641,Josip Pavic,0.11952343966669954
642,Pilar Peña,0.6578567849907981
643,Amaurys Perez,0.14480742609051966
644,Gojko Pijetlovic,0.6406044952302696
645,Danijel Premu,0.4637967376422347
646,Christian Presciutti,0.21608408632594833
647,Glencora Ralph,0.658118351367968
648,Aleksa aponjic,0.4816436052395685
649,Melissa Seidemann,0.535496371518829
650,Sophie Smith,0.976471911080005
651,Ash Southern,0.9637042413021912
652,Maggie Steffens,0.04441335467058505
653,Sandro Sukno,0.6042619241757877
654,Roser Tarragó,0.07837641977544574
655,Stefano Tempesti,0.20412156454576302
656,Frano Vican,0.16787075750708158
657,Rowie Webster,0.7741852347969771
658,Nicola Zagame,0.12093351271928943
659,Tony Azevedo,0.7716980029632577
660,Layne Beaubien,0.6947859585448488
661,Brandon Brooks,0.1727177526540924
662,Mieke Cabout,0.6025449850267365
663,Patty Cardenas,0.6992526731093504
664,Nikita Cuffe,0.5008423274189168
665,Daniëlle de Bruijn,0.8050280249346174
666,Suzie Fraser,0.9314268493744016
667,Taniele Gofers,0.30272390886061595
668,Alison Gregorka,0.5752614021346533
669,Rianne Guichelaar,0.9068988315960839
670,Biurakn Hakhverdian,0.5903572115569251
671,Brittany Hayes,0.14909148726717136
672,Amy Hetzel,0.4067466572924753
673,Jaime Hipp,0.8473032959136617
674,Norbert Hosnyánszky,0.04985586010157539
675,Peter Hudnut,0.4343541114696965
676,Tim Hutten,0.4303065684377101
677,Gábor Kis,0.8307807295445968
678,Noeki Klein,0.35255401750215154
679,Emma Knox,0.3372667675488986
680,Simone Koot,0.01115629924395356
681,J. W. Krumpholz,0.7161264891459407
682,Rick Merlo,0.7518746214295408
683,Merrill Moses,0.669776194527266
684,Branko Pekovic,0.9770148944804966
685,Jeff Powers,0.7270922112083391
686,Bec Rippon,0.1992409017760446
687,Jenna Santoromito,0.7819061185874442
688,Mia Santoromito,0.6249794694854065
689,Alette Sijbring,0.5695692245194084
690,Yasemin Smit,0.786892879133389
691,Jesse Smith,0.6856110796289839
692,Iefke van Belkum,0.6017173909443243
693,Gillian van den Berg,0.07933494958611198
694,Marieke van den Ham,0.4087937983546531
695,Ilse van der Meijden,0.7277823215081859
696,Moriah Van Norman,0.48371781146982495
697,Peter Varellas,0.4861031495153273
698,Dániel Varga,0.7368979540033315
699,Dénes Varga,0.7876221298975892
700,Adam Wright,0.6464676526939498
701,Carmela Allucci,0.3517879851725726
702,Alexandra Araujo,0.10761465962071359
703,Dimitra Asilian,0.1827255496452741
704,Silvia Bosurgi,0.8473819036633138
705,Francesca Conti,0.36844448487071546
706,Tania Di Mario,0.5139219683291232
707,Margaret Dingeldein,0.7507114772752657
708,Georgia Ellinaki,0.2680025740957116
709,Aleksandr Fedorov,0.12916488222212452
710,Jacqueline Frank,0.4292222102252218
711,Elena Gigli,0.5988014081188445
712,Vladimir Gojkovic,0.4206245933591489
713,Melania Grego,0.7183893111189841
714,Predrag Jokic,0.4564884284955333
715,Eftykhia Karagianni,0.11984483100372145
716,Angeliki Karapataki,0.6501665786691138
717,Voula Kozomboli,0.6402273119262885
718,Georgia Lara,0.8607988706262868
719,Kiki Liosi,0.7072482772181213
720,Giusi Malato,0.5267280141411199
721,Antiopi Melidoni,0.9959829049104606
722,Martina Miceli,0.27628125084278443
723,Tonia Moraiti,0.03490929379332364
724,Evi Moraitidou,0.38557951283145253
725,Thalia Munro,0.26579304361837663
726,Maddalena Musumeci,0.9184421749488474
727,Anthi Mylonaki,0.12803507851775575
728,Katerina Oikonomopoulou,0.3850475064004457
729,Cinzia Ragusa,0.4061410467582973
730,Andrey Rekechinsky,0.9907232023559207
731,Antigoni Roumbesi,0.4520714852208677
732,Amber Stachowski,0.5815050015474414
733,Ádám Steinmetz,0.5452009594798537
734,Noémi Tóth,0.27019042821066186
735,Vitaly Yurchik,0.3404444820591094
736,Emanuela Zanchi,0.22547230379734473
737,Marina Akobiya,0.22526013152894198
738,Yekaterina Anikeyeva,0.8588567490739507
739,Naomi Castle,0.3231751180918321
740,Dmitry Dugin,0.7334807495261635
741,Joanne Fox,0.9543244806832882
742,Bridgette Gusterson,0.21347579907352654
743,Simone Hankin,0.5012253555620501
744,Yvette Higgins,0.7200695401291105
745,Kate Hooper,0.6068529235045512
746,Courtney Johnson,0.17671581729019525
747,Sofiya Konukh,0.6627348246289614
748,Mariya Korolyova,0.5003564868939362
749,Zoltán Kósz,0.5384202901225172
750,Nikola Kuljaca,0.9769741159520668
751,Nataliya Kutuzova,0.5320269133849667
752,Svetlana Kuzina,0.05602331630019086
753,Tamás Märcz,0.004977732816941582
754,Bronwyn Mayer-Smith,0.6873018357772753
755,Gail Miller,0.11009382025934722
756,Melissa Mills,0.6326770301727669
757,Mo O'Toole,0.3582735930459343
758,Bernice Orwig,0.5520381761042531
759,Nicolle Payne,0.2643339404170819
760,Tatyana Petrova,0.6540754242276492
761,Yuliya Petrova,0.41599188937976106
762,Galina Rytova,0.5360579304551878
763,Kathy Sheehy,0.3329632832706081
764,Coralie Simmons,0.9650507040905724
765,Yelena Smurova,0.32796562087034997
766,Aleksandar otar,0.721665821301731
767,Julie Swail-Ertel,0.4445725365641763
768,Bulcsú Székely,0.3763158060480233
769,Yelena Tokun,0.4840005280448304
770,Irina Tolkunova,0.3230719163174489
771,Veljko Uskokovic,0.7072161332630662
772,Zsolt Varga,0.8323313344837484
773,Yekaterina Vasilyeva,0.22782388139982035
774,Jugoslav Vasovic,0.6501561133423213
775,Nenad Vukanic,0.49652925591554353
776,Debbie Watson,0.4838264678977383
777,Liz Weekes,0.8625034354330344
778,Danielle Woodhouse,0.8962466712996856
779,Taryn Woods,0.7572323153834731
780,Yury Yatsev,0.03245697576854534
781,Predrag Zimonjic,0.6414306371118426
782,Foluke Akinradewo,0.2846814531899339
783,Thiago Alves,0.9563623688033751
784,Nikolay Apalikov,0.7948020701512504
785,Erika Araki,0.18887288427531124
786,Andrea Bari,0.5723486890399494
787,Emanuele Birarelli,0.5186127036320839
788,Dante Boninfante,0.6739006572906311
789,Aleksandr Butko,0.8066272662487322
790,Tandara Caixeta,0.08930357171940784
791,Adenízia da Silva,0.5148473104230289
792,Wallace de Souza,0.11202245497934082
793,Yukiko Ebata,0.060443966749025524
794,Fernandinha,0.7843616962537785
795,Andrea Giovi,0.2178459282582922
796,Christa Harmotto,0.15346421811509525
797,Megan Hodge,0.3981551495761231
798,Destinee Hooker,0.9523556964800498
799,Dmitry Ilyinykh,0.694355167244678
800,Kaori Inoue,0.2065050399473657
801,Maiko Kano,0.9208011925441697
802,Saori Kimura,0.7509730605055424
803,Jordan Larson,0.8072190253035252
804,Michal Lasko,0.5584068547073463
805,Dani Lins,0.08140849302387876
806,Tamari Miyashiro,0.4134597977018599
807,Dmitry Musersky,0.5857852177677725
808,Hitomi Nakamichi,0.5847201318063023
809,Leandro Neves,0.3279089104892128
810,Aleksey Obmochayev,0.7775628906750822
811,Ai Otomo-Yamamoto,0.7896516645801626
812,Simone Parodi,0.04956255094993067
813,Natália Pereira,0.8510553092409089
814,Fernanda Rodrigues,0.6331087499907746
815,Lucas Saatkamp,0.5426295580945328
816,Saori Sakoda,0.9478478204327482
817,Yuko Sano,0.03231484762054493
818,Cristian Savani,0.28529905680270573
819,Risa Shinnabe,0.9213258092571535
820,Sidão,0.08152671578121762
821,Aleksandr Sokolov,0.0019879976222467732
822,Yoshie Takeshita,0.9736441447459097
823,Courtney Thompson,0.8178481361557925
824,Dragan Travica,0.766961758444359
825,Mai Yamaguchi,0.8399746519994696
826,Ivan Zaytsev,0.35812824284505607
827,Robyn Ah Mow-Santos,0.01182204376756224
828,Lloy Ball,0.5860542470735397
829,Heather Bown,0.4304945823807085
830,Bruninho,0.03798839044126279
831,Carol,0.14011224831857794
832,Gabe Gardner,0.5274552016116908
833,Kim Glass,0.7799233399657064
834,Kevin Hansen,0.20624064837685496
835,Tom Hoff,0.254530523155191
836,Jennifer Joines,0.8073890255279558
837,Aleksandr Korneyev,0.5783809756744499
838,Rich Lambourne,0.7905536395657714
839,David Lee,0.8481450393537076
840,Li Juan,0.91836806781244
841,Ma Yunwen,0.28996011702219493
842,Marcelinho,0.8252563887470249
843,Mari,0.9040741687895798
844,Ryan Millar,0.8109506852654487
845,Ogonna Nnamani,0.308199589802967
846,Aleksey Ostapenko,0.05975449265536581
847,Semyon Poltavsky,0.4397470372845227
848,Reid Priddy,0.05753696158181443
849,Sean Rooney,0.5689019266533138
850,Riley Salmon,0.5987650675830349
851,Samuel,0.4691164186788598
852,Sassá,0.9339214796717872
853,Clay Stanley,0.7606812769810638
854,Stacy Sykora,0.3523577894258776
855,Scott Touzinsky,0.28647284296003583
856,Valeskinha,0.49315612576153733
857,Wang Yimei,0.6118527924943995
858,Wei Qiuyue,0.3602954516443715
859,Kim Willoughby,0.369244651803993
860,Xu Yunli,0.17017058435289556
861,Xue Ming,0.4117014964799508
862,Pavel Abramov,0.43070284336285924
863,Sergey Baranov,0.9770593110278866
864,Zoila Barros,0.5200176398502465
865,Rosir Calderon,0.3741471584157271
866,Nancy Carrillo,0.6352320273685627
867,Matej Cernic,0.5596833319017448
868,Olga Chukanova,0.9279460087179775
869,Alberto Cisolla,0.10883731203226521
870,Paolo Cozzi,0.10456637428805915
871,Stanislav Dineykin,0.6358389057686774
872,Giovane,0.7834958886047299
873,Li Shan,0.9824268314800649
874,Mayvelis Martínez,0.8775770270864041
875,Maurício,0.9991894757971729
876,Liana Mesa,0.6167986412763
877,Anniara Muñoz,0.4792944586249287
878,Nalbert,0.03561222204635128
879,Olga Nikolayeva,0.7301406412840765
880,Yaima Ortíz,0.9349915486578673
881,Damiano Pippi,0.19876527165947822
882,Yelena Plotnikova,0.3251752449981231
883,Daimí Ramírez,0.564970213992269
884,Ricardinho,0.20161742703894614
885,Marta Sánchez,0.11892066337102658
886,Marina Sheshenina,0.4487712132880909
887,Ventzislav Simeonov,0.46671432653927336
888,Song Nina,0.6969429217858449
889,Irina Tebenikhina,0.6820378474668284
890,Dulce Téllez,0.16311278224221137
891,Valerio Vermiglio,0.058865897607552675
892,Wang Lina,0.9703360014555021
893,Andrey Yegorchev,0.24039095131852883
894,Zhang Ping,0.18112277800816323
895,Zhang Yuehong,0.061451548120643795
896,Tai Aguero,0.12267064068135713
897,Vladimir Batez,0.24265120127381445
898,Anastasiya Belikova,0.9230521904129481
899,Regla Bell,0.05291234217268481
900,Slobodan Bokan,0.10841458433467488
901,Marco Bracci,0.11104393355340103
902,Mirko Corsano,0.805022058032382
903,Marlenis Costa,0.7859310251328149
904,Elisângela,0.8357150035568002
905,Mirka Francis,0.16740576933719187
906,Andrea Gardini,0.15511915159530898
907,Aleksandr Gerasimov,0.06702013558383957
908,Andrija Geric,0.07289193492883062
909,Lena Godina,0.2786505280751389
910,Valery Goryushev,0.058552909720007706
911,Tatyana Gracheva,0.5697843245634459
912,Pasquale Gravina,0.8809095355742816
913,Nikola Grbic,0.821998646175761
914,Vladimir Grbic,0.3681611988408692
915,Janina,0.03400536517187469
916,Karin,0.825767102880881
917,Kátia,0.7722860912179706
918,Kely,0.09966527689334204
919,Kiki,0.26167577096613737
920,Slobodan Kovac,0.7589038354981932
921,Leila,0.5852067374897358
922,Mireya Luis,0.9133412878447539
923,Marco Meoni,0.34153341388239666
924,Ðula Meter,0.05055059202357892
925,Vasa Mijic,0.8204867381798969
926,Ivan Miljkovic,0.8488785911795826
927,Yevgeny Mitkov,0.7626087562543374
928,Nataliya Morozova,0.968309450042792
929,Ruslan Olikhver,0.7600484700508459
930,Olga Potashova,0.4762797146921288
931,Raquel,0.48391657231187135
932,Ricarda,0.154311720300905
933,Simone Rosalba,0.04598789820430216
934,Inessa Sargsyan,0.9960758347250183
935,Ilya Savelyev,0.7768597081976123
936,Igor Shulepov,0.8072737472436903
937,Regla Torres,0.48997822588676565
938,Yelena Vasilevskaya,0.27111339692076153
939,Virna,0.3286337948714191
940,Goran Vujevic,0.7693077769316534
941,Igor Vuurovic,0.3840278879729404
942,Roman Yakovlev,0.9201704334260213
943,Ai Fukuhara,0.7435892665085617
944,Sayaka Hirano,0.9659227921465086
945,Kasumi Ishikawa,0.7462226927093508
946,Ju Se-Hyeok,0.3086465770900899
947,Ma Long,0.48842100779859876
948,Bastian Steger,0.006777599036718596
949,Dang Ye-Seo,0.5837225923424575
950,Park Mi-Yeong,0.39165908964515406
951,Christian Süß,0.5667397216209302
952,Yoon Jae-Young,0.5478526742482435
953,Chen Qi,0.4428890023156127
954,Kim Hyang-Mi,0.4123633325066186
955,Ko Lai Chak,0.9782715964711053
956,Lee Eun-Sil,0.9633098241697203
957,Li Ching,0.0015178473654270386
958,Michael Maze,0.06300417453534679
959,Niu Jianfeng,0.26548662797014166
960,Seog Eun-Mi,0.8646261089850734
961,Finn Tugwell,0.12936092076557903
962,Patrick Chila,0.3395291753862879
963,Jean-Philippe Gatien,0.5122266554647137
964,Kim Mu-Gyo,0.8790735335317488
965,Sun Jin,0.8162754038805682
966,Jan-Ove Waldner,0.5681621044919326
967,Yan Sen,0.9634992532486103
968,Yang Ying,0.8785609960121586
969,Yu Ji-Hye,0.3951468618647779
970,Alistair Brownlee,0.39211121114599157
971,Jonny Brownlee,0.24299006757290753
972,Erin Densham,0.4863826053218243
973,Javier Gómez,0.5724135907022625
974,Lisa Nordén,0.8653601466226342
975,Nicola Spirig,0.1510771823653535
976,Vanessa Fernandes,0.8643905161107429
977,Jan Frodeno,0.9578891894024302
978,Emma Moffatt,0.3567138714700878
979,Emma Snowsill,0.26731511113639495
980,Kate Allen,0.8720716589676476
981,Hamish Carter,0.18097544508389174
982,Loretta Harrop,0.26844244771438575
983,Sven Riederer,0.9563486611475079
984,Susan Williams,0.7753345913225799
985,Michellie Jones,0.6641773079693507
986,Brigitte McMahon,0.27501768401167015
987,Magali Messmer,0.7632892831442105
988,Jan Rehula,0.0786732003812306
989,Stephan Vuckovic,0.27220028851970324
990,Rosie MacLennan,0.6733865112027696
991,Dmitry Ushakov,0.9551448564274957
992,Jason Burnett,0.840409736288835
993,Yekaterina Khilko,0.45352731170542826
994,Anna Dogonadze-Lilkendey,0.8329082148631888
995,Yuriy Nikitin,0.25883316245071575
996,Henrik Stehlik,0.5696060713201824
997,Irina Karavayeva,0.4514956816959578
998,Oksana Tsyhulova,0.06569484132098546
999,Mathieu Turgeon,0.05542241696559225
1000,Ji Wallace,0.926903664851659
1001,Anastasiya Baryshnikova,0.8593313867534883
1002,Sebastian Crismanich,0.940416389186688
1003,Aleksey Denisenko,0.48158203897107976
1004,Robelis Despaigne,0.8349906527665076
1005,Helena Fromm,0.40301388122725035
1006,Nicolás García,0.5656914891642391
1007,Joel González,0.6611496916288675
1008,Anne-Caroline Graffe,0.7064512362179738
1009,Marlene Harnois,0.18156735609663344
1010,Hou Yuzhuo,0.8553988986058539
1011,Terrence Jennings,0.9831291194723655
1012,Jade Jones,0.5696054659817533
1013,Lee Dae-Hun,0.2947370685806746
1014,Liu Xiaobo,0.376157383804934
1015,Milica Mandic,0.08671808912838874
1016,Paige McPherson,0.4624041546375822
1017,Carlo Molfetta,0.36827422586566627
1018,Mohammad Bagheri Motamed,0.4860083470930058
1019,Lutalo Muhammad,0.015906118389127033
1020,Oscar Muñoz,0.7652804054160752
1021,Anthony Obame,0.9386386717481979
1022,Chanatip Sonkham,0.12331042211200427
1023,Nur Tatar,0.5837677170098722
1024,Tseng Li-Cheng,0.6076125750455409
1025,Brigitte Yagüe,0.7486492493202201
1026,Lucija Zaninovic,0.37364446886769553
1027,Arman Chilmanov,0.23339387156586056
1028,Chika Chukwumerije,0.9448770079227529
1029,Dalia Contreras,0.5998418277126303
1030,Gwladys Epangue,0.006501630500979849
1031,Natália Falavigna,0.9535140416152618
1032,Im Su-Jeong,0.49602218579289015
1033,Ja Dong-Min,0.6917648707377434
1034,Diana Lopez,0.04153169472285956
1035,Mark Lopez,0.9315171221472585
1036,Yulis Mercedes,0.8790275529437138
1037,Daynellis Montejo,0.5108291212280481
1038,Guillermo Pérez,0.5483283173898348
1039,Buttree Puedpong,0.8293286078225593
1040,Sandra aric,0.14737219133583546
1041,Karine Sergerie,0.15300377485244365
1042,Nina Solheim,0.16057176234268378
1043,Son Tae-Jin,0.9687395333233547
1044,Sarah Stevenson,0.12647866413360542
1045,Sung Yu-Chi,0.795538833134703
1046,Azize Tanrikulu,0.8692447683456267
1047,Zhu Guo,0.25824416327381794
1048,Martina Zubcic,0.5767285162121071
1049,Nia Abdallah,0.6565229742309159
1050,Myriam Baverel,0.8876673739295216
1051,Yaowapa Boorapolchai,0.33545592519226664
1052,Adriana Carmona,0.631045457472506
1053,Chen Shih-Hsien,0.7712700605903464
1054,Jang Ji-Won,0.28332254052539085
1055,Youssef Karami,0.46076316793751493
1056,Yanely Labrada,0.6294942094114466
1057,Luo Wei,0.2888746161949275
1058,Mun Dae-Seong,0.31406954009076915
1059,Elli Mystakidou,0.3804664311297914
1060,Tamer Salah,0.5377044173423489
1061,Iridia Salazar,0.5387432854199409
1062,Óscar Salazar,0.37097361342927226
1063,Song Myeong-Seop,0.40767902461471717
1064,Bahri Tanrikulu,0.6646122376029994
1065,Hamide Bikçin,0.23682718217955134
1066,Dominique Bosshart,0.8576017515963074
1067,Lauren Burns,0.029047099566531842
1068,Chi Shu-Ju,0.7429242185742972
1069,Faissal Ebnoutalib,0.489804784906651
1070,Gabriel Esparza,0.9085832139150241
1071,Víctor Estrada,0.1185102885011663
1072,Trude Gundersen,0.0009158556967586717
1073,Jung Jae-Eun,0.3029228510753328
1074,Kim Gyeong-Hun,0.8798338307288756
1075,Lee Seon-Hui,0.8767535902434377
1076,Ángel Matos,0.6032661561433179
1077,Urbia Meléndez,0.9956286763342757
1078,Mikhail Mouroutsos,0.9693182157278624
1079,Yoriko Okamoto,0.4919210844578077
1080,Sin Jun-Sik,0.5863963064882782
1081,Tr?n Hi?u Ngân,0.2482844860688298
1082,Daniel Trenton,0.35077266493434933
1083,Julien Benneteau,0.17779945921152662
1084,Juan Martín del Potro,0.5264120854847144
1085,Richard Gasquet,0.13332677998151043
1086,Andrea Hlavácková,0.9536173583952006
1087,Lucie Hradecká,0.1991377377364253
1088,Mariya Kirilenko,0.32702652157095013
1089,Michaël Llodra,0.26392813206229637
1090,Max Mirnyi,0.6778897893350307
1091,Nadiya Petrova,0.913150215334698
1092,Lisa Raymond,0.8727066621083747
1093,Laura Robson,0.8543363954918567
1094,Mariya Sharapova,0.387121121440839
1095,Jo-Wilfried Tsonga,0.8596084727174135
1096,Simon Aspelin,0.6033091543095139
1097,Thomas Johansson,0.3117375821936368
1098,Anabel Medina,0.28662354818076896
1099,Rafael Nadal,0.15359124028799265
1100,Dinara Safina,0.36810005293506987
1101,Stanislas Wawrinka,0.6253640030486618
1102,Yan Zi,0.3668145046623992
1103,Zheng Jie,0.7993698724673881
1104,Vera Zvonaryova,0.24997922130079386
1105,Novak Ðokovic,0.5859900433094364
1106,Mario Ancic,0.07111317789992289
1107,Mardy Fish,0.8903911375818216
1108,Justine Henin-Hardenne,0.631068192679908
1109,Nicolas Kiefer,0.4170639158328312
1110,Ivan Ljubicic,0.2644569090424037
1111,Conchita Martínez,0.3076933246701893
1112,Amélie Mauresmo,0.08147501047188832
1113,Alicia Molik,0.47508248340827997
1114,Rainer Schüttler,0.6507873863337111
1115,Paola Suárez,0.890490573104982
1116,Sun Tiantian,0.3863962623441348
1117,Patricia Tarabini,0.8228707645110516
1118,Kristie Boogert,0.9038659891896034
1119,Els Callens,0.5008154216679952
1120,Alex Corretja,0.40956792086545524
1121,Albert Costa,0.3668498779762338
1122,Arnaud Di Pasquale,0.7174090444478343
1123,Tommy Haas,0.38372167032542226
1124,Yevgeny Kafelnikov,0.7247896869598892
1125,Sébastien Lareau,0.1770220457156091
1126,Daniel Nestor,0.10690296797285914
1127,Miriam Oremans,0.9058227503339202
1128,Monica Seles,0.32033318235093455
1129,Dominique Van Roost,0.13999141914322977
1130,Todd Woodbridge,0.45363011704591905
1131,Mark Woodforde,0.45842160240798147
1132,Clara Basiana,0.6688353514799443
1133,Chang Si,0.6423781468529569
1134,Chen Xiaojun,0.13383312925255342
1135,Margalida Crespi,0.9865570487846467
1136,Paula Klamburg,0.35173610265164523
1137,Darya Korobova,0.0332855015168787
1138,Irene Montrucchio,0.15947075315673298
1139,Aleksandra Patskevich,0.2753549090278191
1140,Laia Pons,0.6196184701417738
1141,Alla Shishkina,0.14725960353258138
1142,Sun Wenyan,0.43922303469636026
1143,Anzhelika Timanina,0.8880564580945803
1144,Wu Yiwen,0.5695441544802046
1145,Raquel Corral,0.4114806697519542
1146,Gu Beibei,0.012864496224294086
1147,Olga Kuzhela,0.7532469691216275
1148,Yelena Ovchinnikova,0.6265453507558074
1149,Irina Rodríguez,0.6317738975696211
1150,Sun Qiuting,0.9504017512497938
1151,Paola Tirados,0.2125061505640249
1152,Wang Na,0.2526667676611515
1153,Zhang Xiaohuan,0.9120090632217083
1154,Tammy Crow,0.7052010325644321
1155,Erin Dobratz,0.4606776757066633
1156,Michiyo Fujimaru,0.09661551680364033
1157,Rebecca Jasontek,0.781752604714425
1158,Naoko Kawashima,0.6186919156805919
1159,Kanako Kitao,0.7089921843437259
1160,Sara Lowe,0.696059667551288
1161,Lauren McFall,0.4082398553149664
1162,Stephanie Nesbitt,0.10948776076197941
1163,Kendra Zanotto,0.9015769807026323
1164,Yelena Antonova,0.6624614435446223
1165,Lyne Beaumont,0.5230640280072824
1166,Claire Carver-Dias,0.9882588345832282
1167,Erin Chan,0.22073857662461094
1168,Virginie Dedieu,0.3973095340691335
1169,Ayano Egami,0.00356612609972895
1170,Raika Fujii,0.8420568307966424
1171,Catherine Garceau,0.2682728700154926
1172,Yoko Isoda,0.045547721962826526
1173,Rei Jimbo,0.6062697298690556
1174,Fanny Létourneau,0.42298638851879944
1175,Myriam Lignot,0.7685200565187714
1176,Kirstin Normand,0.45941197782581
1177,Yelena Soya,0.304973418077069
1178,Jacinthe Taillon,0.5888204129206858
1179,Reidun Tatham,0.36014101801580156
1180,Yuliya Vasilyeva,0.655556913196239
1181,Olga Vasyukova,0.3044999598327862
1182,Yuko Yoneda,0.5452449071998253
1183,Alyssa Anderson,0.07401129560129183
1184,Haley Anderson,0.4316585550247759
1185,Coralie Balmy,0.9662099222558953
1186,Charlotte Bonnet,0.82122527621176
1187,Rachel Bootsma,0.7802496209320904
1188,Tyler Clary,0.41307385557294085
1189,Tommaso D'Orsogna,0.9940113764673602
1190,Dai Jun,0.3171580929986444
1191,Claire Donahue,0.49454498994943363
1192,Conor Dwyer,0.07910881599818342
1193,Ophélie Etienne,0.20804167905099458
1194,Blair Evans,0.05803184996035993
1195,Margaux Farrell,0.5247777853208196
1196,Jimmy Feigen,0.9568915829815556
1197,Sergey Fesikov,0.8070865551563017
1198,Andrey Grechin,0.0890367826679287
1199,Martina Grimaldi,0.8766940240076891
1200,Kosuke Hagino,0.5976483492225759
1201,Hao Yun,0.48547434424518776
1202,Brent Hayden,0.21354536389584566
1203,Natsumi Hoshi,0.4187065346099932
1204,Charlie Houchin,0.3797602305110511
1205,Michael Jamieson,0.24278044460122483
1206,Jiang Haiqi,0.5591814029155063
1207,Yuka Kato,0.06344360798186222
1208,Yevgeny Korotyshkin,0.5205653466853655
1209,Yolane Kukla,0.2873053261337428
1210,Breeja Larson,0.0705656067682453
1211,Mylene Lazare,0.36462282517564637
1212,Katie Ledecky,0.23661221570160962
1213,Caitlin Leverenz,0.7518893108680562
1214,Li Xuanxu,0.7408573367095794
1215,Li Yunqi,0.40936644571897474
1216,Lu Ying,0.8498321472671689
1217,Lu Zhiwu,0.7318775522880326
1218,Florent Manaudou,0.16399857815201513
1219,Tyler McGill,0.664232818241509
1220,Matt McLean,0.8845445800267256
1221,Ruta Meilutyte,0.32878218073111243
1222,Vladimir Morozov,0.2090884094807114
1223,Lia Neal,0.29813376871647135
1224,Jade Neilsen,0.3756782062633176
1225,Lauren Perdue,0.0017645890309635481
1226,Thiago Pereira,0.16104909270201306
1227,Éva Risztov,0.5189206232263562
1228,Eric Shanteau,0.527861541572965
1229,Tang Yi,0.8069508416438499
1230,Davis Tarwater,0.7645237457138714
1231,Ryo Tateishi,0.6437354089051369
1232,Haruka Ueda,0.34448236585622716
1233,Cameron van der Burgh,0.42008451930494284
1234,Shannon Vreeland,0.22005302332381171
1235,Richard Weinberger,0.46849188469709646
1236,Yuliya Yefimova,0.6920253641169131
1237,Anastasiya Zuyeva,0.3803903511471325
1238,Fréd Bousquet,0.9158649298650346
1239,Elaine Breeden,0.8668758678215696
1240,Grant Brits,0.4849268070173619
1241,Caroline Burckle,0.83535130063711
1242,Milorad Cavic,0.5055094030718317
1243,Lara Davenport,0.8550377440840884
1244,Ash Delaney,0.680614862199484
1245,Nick Ffrost,0.6391757575432052
1246,Alessia Filippi,0.03386378218102759
1247,Lotte Friis,0.680656411503017
1248,Lara Ilchenko,0.638565260038705
1249,Sara Isakovic,0.1065135862455645
1250,Jo Jackson,0.2632544456745973
1251,Mirna Jukic,0.3422365166730704
1252,Liu Zige,0.21721210049811712
1253,Linda MacKenzie,0.41330012366603686
1254,Christine Marshall,0.5879814361454762
1255,Junichi Miyashita,0.5832350258526381
1256,Sara Nordenstam,0.35409321429252727
1257,Lacey Nymeyer,0.5005835398986396
1258,Alexander Dale Oen,0.5496105038757706
1259,Kirk Palmer,0.9537155806763629
1260,Cassie Patten,0.6953941142148924
1261,Keri-Anne Payne,0.8720686255181448
1262,Mikhail Polishchuk,0.3370114067435994
1263,Hisayoshi Sato,0.7627271908812726
1264,Emily Silver,0.15186862764682652
1265,Boris Steimetz,0.5203158063217587
1266,Aleksandr Sukhorukov,0.02082092959720283
1267,Sun Ye,0.7992777895438992
1268,Tan Miao,0.7930595199449907
1269,Tang Jingzhi,0.401332490345383
1270,Maarten van der Weijden,0.04627189917319807
1271,Kim Vandenberg,0.47182490361501184
1272,Dave Walters,0.9383724517608999
1273,Ben Wildman-Tobriner,0.7283439983403031
1274,Xu Tianlongzi,0.7938789672754953
1275,Zhang Lin,0.8859724987564679
1276,Zhao Jing,0.28397609225930753
1277,Zhou Yafei,0.06116873230955533
1278,Zhu Qianwei,0.024713611287739634
1279,Georgina Bardach,0.9341364089603396
1280,George Bovell,0.47227878112050903
1281,Emiliano Brembilla,0.833819613132062
1282,Federico Cappellazzo,0.6468763757970577
1283,Simone Cercato,0.3033858851028318
1284,Lars Conrad,0.005736062970454481
1285,Haley Cope,0.15048314657900574
1286,Ritz Correia,0.44480503021085516
1287,Petra Dallmann,0.9651334606486469
1288,Duje Draganja,0.7045647060890005
1289,Steffen Driesen,0.9680668439705636
1290,Lyndon Ferns,0.6428189156006374
1291,Solenne Figuès,0.885555804074178
1292,Razvan Florea,0.4449124265733597
1293,Daniela Götz,0.8372484691222242
1294,Janina-Kristin Götz,0.530547504336773
1295,Rhi Jeffrey,0.8630364059182319
1296,Dan Ketchum,0.11535548334055834
1297,Tara Kirk,0.06945117163503267
1298,Stanislava Komarova,0.2600645112687816
1299,Annabel Kosten,0.6625953815250779
1300,Colleen Lanne,0.36930638017087014
1301,Li Ji,0.06572740434751811
1302,Luo Xuejuan,0.19871288206987092
1303,Filippo Magnini,0.41771506135896463
1304,Antony Matkovich,0.5895823593784169
1305,Helge Meeuw,0.3827089491713608
1306,Malia Metella,0.17949395108756483
1307,Yuko Nakanishi,0.5688587363626011
1308,Ryk Neethling,0.7633494995198368
1309,Yoshihiro Okumura,0.0011591512001517534
1310,Steve Parry,0.42343471227277163
1311,Matteo Pelliciari,0.6649413316403766
1312,Carly Piper,0.9880383197282114
1313,Sarah Poewe,0.7454932385611301
1314,Anne Poleska,0.6416330853487661
1315,Camelia Potec,0.08344715743604159
1316,Andriy Serdinov,0.9761142777661999
1317,Ai Shibata,0.5645884029828887
1318,Nicholas Sprenger,0.2769346658048928
1319,Craig Stevens,0.2593568296369033
1320,Hannah Stockbauer,0.01250761957055313
1321,Darian Townsend,0.6574998143638948
1322,Mark Veens,0.8619296273626251
1323,Gabe Woodward,0.05431560426793225
1324,Xu Yanwei,0.2107908168517607
1325,Mitja Zastrow,0.09734128969957934
1326,Zhu Yingwen,0.03805617591752253
1327,Klaas-Erik Zwering,0.2287802274052385
1328,Sam Arsenault,0.08966045887132734
1329,B. J. Bedford,0.8532598667783483
1330,Kim Black,0.39304487808329713
1331,Gustavo Borges,0.05269794728852517
1332,Dyana Calub,0.6342248914801308
1333,Chad Carvin,0.17662909289888729
1334,Meike Freitag,0.6071274437674562
1335,Lars Frölander,0.6198005519086518
1336,Chris Fydler,0.5593995898522817
1337,Elka Graham,0.2803058773907665
1338,Tommy Hannan,0.17598616415465607
1339,Regan Harrison,0.14269395293291198
1340,Thamar Henneken,0.44921714088988585
1341,Penny Heyns,0.9728829720683619
1342,Misty Hyman,0.932410652698664
1343,Carlos Jayme,0.6756103142155813
1344,Louise Jöhncke,0.2702823741086695
1345,Anna-Karin Kammerling,0.6122446030830307
1346,Kerstin Kielgaß,0.27962392703974837
1347,Bill Kirby,0.6522527649206039
1348,Ágnes Kovács,0.1577281102717334
1349,Kristy Kowal,0.6951844866235182
1350,Daniel Kowalski,0.014246932825452863
1351,Josefin Lillhage,0.6925906596786627
1352,Tom Malchow,0.23496870287178473
1353,Roxana Maracineanu,0.06716461137441787
1354,Sumika Minamoto,0.48503070944177396
1355,Ryan Mitchell,0.7259145219155505
1356,Curtis Myden,0.8797572007817818
1357,Miki Nakao,0.7701096233618415
1358,Justin Norris,0.4205897413712617
1359,Junko Onishi,0.8767766648653096
1360,Terence Parkin,0.2003088045383955
1361,Kieren Perkins,0.5340621258377987
1362,Erin Phenix,0.20977590995166717
1363,Aleksandr Popov,0.8263439025500742
1364,Jamie Rauch,0.891283891564242
1365,Davide Rummolo,0.4297194716684203
1366,Xuxa Scherer,0.21286362631091382
1367,Edvaldo Silva Filho,0.48014289725548376
1368,Johanna Sjöberg,0.02766318155758485
1369,Roman Sludnov,0.7590272657338751
1370,Torsten Spanneberg,0.8461734767485356
1371,Staciana Stitts,0.7531605805495775
1372,Julia Stowers,0.027380512329980844
1373,Malin Svahnström,0.23047932973726482
1374,Denys Sylantiev,0.7901067039920877
1375,Yasuko Tajima,0.9434462113476046
1376,Masami Tanaka,0.7867237354675908
1377,Cristina Teuscher,0.6701141152667206
1378,Chris Thompson,0.008881684664695855
1379,Kirsten Thomson,0.40612573134260477
1380,Scott Tucker,0.22883596858865562
1381,Mark van der Zijden,0.43694612727502546
1382,Jacinta Van Lint,0.8563538926585617
1383,Wilma van Rijn-van Hofwegen,0.1862537150999687
1384,Josh Watson,0.5541416396310999
1385,Tom Wilkens,0.9756744963834257
1386,Marcel Wouda,0.2505294512497399
1387,Nina Zhivanevskaya,0.7578293582544897
1388,Martijn Zuijdweg,0.8520963107867879
1389,Guillaume Bastille,0.2899730472383193
1390,Allison Baver,0.49190762082116124
1391,Simon Cho,0.6346719067643894
1392,Kimberly Derrick,0.9992372618360171
1393,Aly Dudek,0.07227065517937914
1394,Lana Gehring,0.5949777347442725
1395,Jessica Gregg,0.6020590533952572
1396,Gwak Yun-Gi,0.49128109584566304
1397,François Hamelin,0.8819564465283365
1398,Travis Jayner,0.5145244574334191
1399,Olivier Jean,0.19738504727906536
1400,Kim Seong-Il,0.3779419439981908
1401,Lee Eun-Byeol,0.40944795413434676
1402,Jordan Malone,0.1218184002787901
1403,Sun Linlin,0.2796983539788602
1404,Zhang Hui,0.8982304557114137
1405,Byeon Cheon-Sa,0.6996925632833035
1406,Marta Capurso,0.5702562621110567
1407,Gang Yun-Mi,0.8245017483256567
1408,Alex Izykowski,0.31281287194045815
1409,Jeon Da-Hye,0.9601315170362592
1410,J. P. Kepka,0.8767809620103144
1411,O Se-Jong,0.11229046469225468
1412,Amanda Overland,0.9409036598817734
1413,Seo Ho-Jin,0.06206584882882771
1414,Song Seog-U,0.7719339372755877
1415,Katia Zini,0.5723902180449517
1416,Mara Zini,0.49453288850676924
1417,An Yulong,0.5474631063436043
1418,Michele Antonioli,0.7655604338539514
1419,Steven Bradbury,0.20210100614598747
1420,Maurizio Carnino,0.7166914362606505
1421,Fabio Carta,0.4689306360352947
1422,Isabelle Charest,0.10296886386625215
1423,Choi Min-Kyung,0.4836502825786543
1424,Marie-Eve Drolet,0.07611772088950564
1425,Feng Kai,0.8564051368932215
1426,Nicola Franceschina,0.34247767243188265
1427,Amélie Goulet-Nadon,0.7011735472937256
1428,Guo Wei,0.16701268019735327
1429,Ju Min-Jin,0.3988701728056626
1430,Li Ye,0.9173415272574008
1431,Park Hye-Won,0.7482037127876061
1432,Nicola Rodigari,0.48098643153947895
1433,Sun Dandan,0.06076398406137706
1434,Jan Blokhuijsen,0.8391316412483328
1435,Håvard Bøkko,0.9861080382763485
1436,Annette Gerritsen,0.15227360976437154
1437,Mathieu Giroux,0.9159534971633356
1438,Brian Hansen,0.4218730733554712
1439,Masako Hozumi,0.2683695797894011
1440,Joji Kato,0.664691517393826
1441,Nao Kodaira,0.41177949879455245
1442,Jonathan Kuck,0.9948999610240747
1443,Simon Kuipers,0.30248364930200144
1444,Lee Sang-Hwa,0.7692041854555417
1445,Lucas Makowsky,0.6932504661931091
1446,Trevor Marsicano,0.15165410139927304
1447,Katrin Mattscherodt,0.4514594538760699
1448,Keiichiro Nagashima,0.5879382563933189
1449,Maki Tabata,0.9109595519000628
1450,Laurine van Riessen,0.11657487537200373
1451,Wang Beixing,0.4779411952426472
1452,Katarzyna Wójcicka-Bachleda-Curus,0.6558761257670376
1453,Jenny Wolf,0.11424933775711221
1454,Katarzyna Wozniak,0.4594737878784817
1455,Luiza Zlotkowska,0.8669651194114484
1456,Yekaterina Abramova,0.8404482020846757
1457,Matteo Anesi,0.23422583568397903
1458,Varvara Barysheva,0.7381916281637928
1459,Svetlana Boyarkina-Zhurova,0.8584711723329774
1460,Arne Dankers,0.10649888443987321
1461,Stefano Donagrandi,0.4348955824912645
1462,Dmitry Dorofeyev,0.09154268116036024
1463,Steven Elm,0.20981500988090385
1464,Lee Gang-Seok,0.9216554450461755
1465,Galina Likhachova,0.40865706067146035
1466,Yekaterina Lobysheva,0.5394984396711623
1467,Lucille Opitz,0.7137506283209699
1468,Jason Parker,0.5913019329596908
1469,Shannon Rempel,0.9099466799451231
1470,Ren Hui,0.9994244622453579
1471,Rintje Ritsma,0.9140269970214362
1472,Ippolito Sanfratello,0.5443609950423971
1473,Marianne Timmer,0.8697603625904684
1474,Svetlana Vysokova,0.5101539432038766
1475,Wang Manli,0.261454308042113
1476,Justin Warsylewicz,0.9426627001304168
1477,Jens Boden,0.9620638535088217
1478,Jan Bos,0.8831362201786059
1479,Kip Carpenter,0.47945240580511883
1480,Casey FitzRandolph,0.9609213278538313
1481,Monique Garbrecht-Enfeldt,0.7658000528647693
1482,Catriona Le May Doan,0.2919484601765733
1483,Gianni Romme,0.5265616102859805
1484,Hiroyasu Shimizu,0.4931959061351342
1485,Gretha Smit,0.6090507092767036
1486,Lasse Sætre,0.5939229941883695
1487,Ådne Søndrål,0.7052867216552352
1488,Gerard van Velde,0.6901303860421134
1489,Chris Witty,0.14968296915172252
1490,Monica Abbott,0.45624792099087386
1491,Jodie Bowering,0.49464774844119785
1492,Kylie Cronk,0.9589123038630416
1493,Andrea Duran,0.5823609331356596
1494,Naho Emoto,0.638540876411889
1495,Motoko Fujimoto,0.42925699205773693
1496,Vicky Galindo,0.9169247604722864
1497,Megu Hirose,0.5257862874707884
1498,Emi Inui,0.6854900250012566
1499,Sachiko Ito,0.8107234565738634
1500,Ayumi Karino,0.5353321927496913
1501,Lauren Lappin,0.40354806066967264
1502,Caitlin Lowe,0.7857944185285214
1503,Satoko Mabuchi,0.977155874060415
1504,Yukiyo Mine,0.06712342387703185
1505,Rei Nishiyama,0.4727293517035883
1506,Justine Smethurst,0.23158768300163068
1507,Mika Someya,0.9832491209065621
1508,Danielle Stewart,0.20143464319290438
1509,Belinda Wright,0.6219958292719983
1510,Marissa Carpadios,0.975955224930458
1511,Amanda Doman,0.3518767216544293
1512,Amanda Freed,0.8988062532548711
1513,Natalie Hodgskin,0.2840469945273254
1514,Yumi Iwabuchi,0.524216910338714
1515,Naoko Sakamoto,0.516207789445303
1516,Yuki Sato,0.4183593708938631
1517,Jenny Topping,0.38165184708166866
1518,Christie Ambrosi,0.44872888763958885
1519,Misako Ando,0.8675990246255693
1520,Jo Brown,0.24446543972627366
1521,Jennifer Brundage,0.24153928638670885
1522,Sheila Cornell-Douty,0.8207669200557006
1523,Kerry Dienelt,0.2624838190054861
1524,Sue Fairhurst,0.7913877061696805
1525,Selina Follas,0.6738632500711712
1526,Yumiko Fujii,0.8906624693655526
1527,Danielle Henderson,0.6646838688810323
1528,Taeko Ishikawa,0.7545038062808505
1529,Yoshimi Kobayashi,0.724060097190749
1530,Shiori Koseki,0.7673563368444465
1531,Mariko Masubuchi,0.677990250770272
1532,Naomi Matsumoto,0.9652732389806007
1533,Sally McDermid-McCreedy,0.516787456373955
1534,Jennifer McFalls,0.011933577409037999
1535,Dot Richardson,0.5745672694252137
1536,Michele Smith,0.6638324185387652
1537,Hiroko Tamoto,0.6622458072769706
1538,Michelle Venturella,0.2662098319817293
1539,Christa Williams,0.13382323004697927
1540,Miyo Yamada,0.8307272617483245
1541,Jasey-Jay Anderson,0.35440478072420933
1542,Déborah Anthonioz,0.48048591538316787
1543,Mathieu Bozzetto,0.5197913402337686
1544,Torah Bright,0.4916251167997927
1545,Yekaterina Ilyukhina,0.5732306127788344
1546,Benjamin Karl,0.8351053265565105
1547,Marion Kreiner,0.1288542064062933
1548,Scotty Lago,0.257459535397109
1549,Olivia Nobs,0.7034566391256256
1550,Peetu Piiroinen,0.5839207171694616
1551,Tony Ramoin,0.13153431168781793
1552,Maëlle Ricker,0.5538271891029867
1553,Mike Robertson,0.9068775247589663
1554,Nicolien Sauerbreij,0.29985721417264033
1555,Gretchen Bleiler,0.21448243832876313
1556,Kjersti Buaas,0.9403839241026947
1557,Paul-Henri De Le Rue,0.486689627836256
1558,Rosey Fletcher,0.8026835709955952
1559,Tanja Frieden,0.4914199530699326
1560,Sigi Grabner,0.40124951318361035
1561,Lindsey Jacobellis,0.8610168501691365
1562,Amelie Kober,0.873725689338596
1563,Markku Koski,0.3877863976204189
1564,Dominique Maltais,0.013973599434838113
1565,Daniela Meuli,0.7110610977140673
1566,Simon Schoch,0.6913155263454779
1567,Radoslav idek,0.48222386401019246
1568,Isabelle Blanc,0.39363478420132025
1569,Chris Klug,0.23089738317177444
1570,Ross Powers,0.044180920896197295
1571,Fabienne Reuteler,0.2781974168400574
1572,Richard Richardsson,0.8200107929988953
1573,Karine Ruby,0.23625682161381734
1574,JJ Thomas,0.7626286664138567
1575,Lidia Trettel,0.8570666280853158
1576,Doriane Vidal,0.8701059957026624
1577,Anders Bardal,0.6587928027201807
1578,Johan Remen Evensen,0.9366194567284608
1579,Tom Hilde,0.3655732741504719
1580,Anders Jacobsen,0.5361644457154191
1581,Wolfgang Loitzl,0.19073733474589893
1582,Michael Neumayer,0.867046081940695
1583,Andreas Wank,0.017825694079377397
1584,Janne Happonen,0.731606120453082
1585,Tommy Ingebrigtsen,0.9825247531021162
1586,Tami Kiuru,0.38667308988173177
1587,Martin Koch,0.4282813439343821
1588,Bjørn Einar Romøren,0.31837299137702013
1589,Andreas Widhölzl,0.14633338285950492
1590,Damjan Fras,0.10019764500768069
1591,Stephan Hocke,0.34961103294224594
1592,Risto Jussilainen,0.6160145706161146
1593,Robert Kranjec,0.40866839590038806
1594,Veli-Matti Lindström,0.7004081414071022
1595,Primo Peterka,0.46489523475447336
1596,Peter onta,0.43500623916021486
1597,Martins Dukurs,0.8099797782507782
1598,Anja Huber,0.5154991235854521
1599,Jon Montgomery,0.23675343695926332
1600,Kerstin Szymkowiak,0.4469632938407525
1601,Aleksandr Tretyakov,0.03765788212838417
1602,Amy Williams,0.7410095166079638
1603,Duff Gibson,0.5277349333970525
1604,Mellisa Hollingsworth-Richards,0.9250581829503804
1605,Jeff Pain,0.9119014569534111
1606,Maya Pedersen,0.08259982711851743
1607,Shelley Rudman,0.3728629434911649
1608,Alex Coomber,0.35948274035496497
1609,Tristan Gale,0.12005693344636803
1610,Lea Ann Parsley,0.6186572408478931
1611,Martin Rettl,0.1515448445747254
1612,Jim Shea Jr.,0.28810528696241877
1613,Nasser Al-Attiya,0.49629102736900965
1614,Danka Barteková,0.4732776171508942
1615,Jamie Beyerle-Gray,0.45946961582841594
1616,Sylwia Bogacka,0.23743409135798843
1617,Giovanni Cernogoraz,0.08038647518413611
1618,Choi Yeong-Rae,0.9928346013558744
1619,Lionel Cox,0.05535636756194029
1620,Håkan Dahlby,0.8891328842500601
1621,Ding Feng,0.4376222253487294
1622,Massimo Fabbrizi,0.8559694989786631
1623,Celine Goberville,0.5274931057551046
1624,Anders Golding,0.23338863049685532
1625,Kim Jang-Mi,0.00737335220293267
1626,Kim Jong-Hyeon,0.0018104273770436219
1627,Vijay Kumar,0.6256990108345588
1628,Ivana Maksimovic,0.5647710014127573
1629,Alin Moldoveanu,0.10403303197227753
1630,Vasily Mosin,0.6921333501409414
1631,Gagan Narang,0.006076182945050523
1632,Leuris Pupo,0.49210353027844345
1633,Jessica Rossi,0.41946292348915004
1634,Adéla Sýkorová,0.9463241836489165
1635,Luca Tesconi,0.1347350332423356
1636,Wang Zhiwei,0.8558625166185545
1637,Peter Wilson,0.27981146293238246
1638,Yi Siling,0.7244286064277995
1639,Yu Dan,0.7240145602123637
1640,Andrija Zlatic,0.0893295545028614
1641,Artur Aivazian,0.9625968118119934
1642,Abhinav Bindra,0.0014738169239441046
1643,Christine Brinker-Wenzel,0.5345351257388539
1644,Tore Brovold,0.2090081768831823
1645,Chiara Cainero,0.28828002881919357
1646,Corey Cogdell,0.4622551224182082
1647,Eglis Yaima Cruz,0.09593876201569218
1648,Francesco D'Aniello,0.9794636637979742
1649,Munkhbayar Dorjsuren,0.5099270992217635
1650,Glenn Eller,0.5586668770180361
1651,Henri Häkkinen,0.9203547239530901
1652,Hu Binyuan,0.8083620943466676
1653,David Kostelecký,0.1575780704862163
1654,Satu Mäkelä-Nummela,0.15740506237972607
1655,Otryadyn Gündegmaa,0.530432325028708
1656,Nataliya Paderina,0.4314674391347224
1657,Pang Wei,0.979847052212934
1658,Snjeana Pejcic,0.5197592668288191
1659,Oleksandr Petriv,0.15004795471670296
1660,Warren Potent,0.7625649056931934
1661,Qiu Jian,0.4854840270648445
1662,Christian Reitz,0.41937726474928727
1663,Nino Salukvadze,0.8864603165917374
1664,Yuriy Sukhorukov,0.7935132406452833
1665,Tan Zongliang,0.8279608474193367
1666,Anthony Terras,0.2725534535803834
1667,Jason Turner,0.9901748096267836
1668,Ahmed Al-Maktoum,0.43793724085859653
1669,Michael Anti,0.6295922207068668
1670,Irad? Asumova,0.3210451558371553
1671,Suzy Balogh,0.8064351266848286
1672,Andrea Benelli,0.5461452330550769
1673,Aleksandr Blinov,0.8564319888816507
1674,Jozef Gönci,0.2795724108237614
1675,Lenka Hyková-Maruková,0.5519223734140009
1676,Jia Zhanbo,0.45235682411756817
1677,Marko Kemppainen,0.02113693266050798
1678,Kim Jong-Su,0.32211526581501826
1679,Manfred Kurzer,0.0027299489516646736
1680,Li Jie,0.13837984649068913
1681,Christian Lusch,0.20323433503508848
1682,Dmitry Lykin,0.7258108798272356
1683,Christian Planer,0.35438337036656264
1684,Sergey Polyakov,0.9814082224659257
1685,María Quintanal,0.17752515539402425
1686,Rajyavardhan Rathore,0.5594047897722557
1687,Juan Miguel Rodríguez,0.42673236881594134
1688,Valentina Turisini,0.5280806053815925
1689,Adam Vella,0.8188515166986076
1690,Wang Chengyi,0.37935737891015564
1691,Wang Zheng,0.1292401127310514
1692,Yevgeny Aleynikov,0.4121376352012597
1693,Michel Ansermet,0.624529076367949
1694,Cai Yalin,0.12829990936887015
1695,Michael Diamond,0.20202144534339506
1696,Franck Dumoulin,0.1028742750850461
1697,Svetlana Dyomina,0.1657151805293302
1698,Jonas Edman,0.929813520119622
1699,Richard Faulds,0.5452013310948809
1700,Mariya Feklistova,0.01720090857680545
1701,Annemarie Forder,0.9231210065351764
1702,Gang Cho-Hyeon,0.35304065889584957
1703,Gao Jing,0.7472845460192368
1704,Deborah Gelisio,0.7732731409184013
1705,Tatyana Goldobina,0.624098566789993
1706,Todd Graves,0.08932089692732192
1707,Torben Grimmel,0.3101523934404351
1708,Daina Gudzineviciute,0.8186078943690289
1709,Pia Hansen,0.8502591407282201
1710,Juha Hirvi,0.49282793413984793
1711,Artyom Khadzhibekov,0.5973001739143906
1712,Tanyu Kiryakov,0.8323900569516927
1713,Petr Málek,0.13638656721624265
1714,Russell Mark,0.42782315076727107
1715,Renata Mauer-Rózanska,0.8617720554475756
1716,Mykola Milchev,0.5173380757986885
1717,Lalita Milshina-Yauhleuskaya,0.5415324693935388
1718,Oleg Moldovan,0.5745017839086995
1719,Nancy Napolski-Johnson,0.32176090141737035
1720,Niu Zhiyuan,0.5671817298402044
1721,Ian Peel,0.20253118909000878
1722,Iulian Raicea,0.533982192120527
1723,Harald Stenvaag,0.32590179324249724
1724,Martin Tenk,0.8181040526323793
1725,Yang Ling,0.12558141254925492
1726,Marina Alabau,0.6487456108211478
1727,Jo Aleh,0.980907366588254
1728,Mathew Belcher,0.9853483662031907
1729,Stuart Bithell,0.6578461588607739
1730,Marit Bouwmeester,0.022567509186078527
1731,Peter Burling,0.8037886498334755
1732,Lucas Calabrese,0.16044815975704296
1733,Saskia Clark,0.01549241896167608
1734,Nina Curtis,0.4502635647626444
1735,Támara Echegoyen,0.5425143749876543
1736,Jonas Høgh Christensen,0.8895701462191691
1737,Iain Jensen,0.8269487439632802
1738,Silja Kanerva,0.2630198464467829
1739,Pavlos Kontides,0.23964657442519133
1740,Peter Lang,0.6374439211898503
1741,Silja Lehtinen,0.07342651056496452
1742,Jonathan Lobert,0.7031820877823582
1743,Przemyslaw Miarczynski,0.3732885541587755
1744,Hannah Mills,0.6574575638800685
1745,Rasmus Myrgren,0.9453360808427723
1746,Zofia Noceti-Klepacka,0.9113477217272216
1747,Allan Nørregaard,0.853086168092334
1748,Nathan Outteridge,0.10070804461796401
1749,Luke Patience,0.21876239577269319
1750,Tuuli Petäjä,0.4508264689826347
1751,Olivia Powrie,0.12514918932743024
1752,Olivia Price,0.553010413222897
1753,Angela Pumariega,0.4123129270495234
1754,Max Salminen,0.19593479957264537
1755,Tom Slingsby,0.2427730783246539
1756,Sofia Toro,0.21772118447255562
1757,Blair Tuke,0.576298619438965
1758,Evi Van Acker,0.352199076818805
1759,Dorian van Rijsselberge,0.4821671479275006
1760,Lisa Westerhof,0.5904222037688032
1761,Lucinda Whitty,0.38817714078501875
1762,Mikaela Wulff,0.05147959284414805
1763,Glenn Ashby,0.1983989239113627
1764,Tom Ashley,0.44782151049002317
1765,Olivier Bausset,0.12592665841945005
1766,Annemieke Bes,0.1516616777212808
1767,Julien Bontemps,0.41347930521551346
1768,Marcelien Bos-de Koning,0.6182266377086426
1769,Nicolas Charbonnier,0.22711998553916257
1770,Fernando Echavarri,0.2944621459168778
1771,Anders Ekström,0.4599302571689132
1772,Guillaume Florent,0.33898409114647887
1773,Paul Goodison,0.20160987323961344
1774,Martin Kirketerp,0.043822786775271294
1775,Virginia Kravarioti,0.6513865434825928
1776,Mandy Mulder,0.33075040108579623
1777,Fernanda Oliveira,0.7377134287534591
1778,Sofia Papadopoulou,0.9274665631983627
1779,Tessa Parkinson,0.8604719481365364
1780,Antón Paz,0.16755111332719874
1781,Hannes Peckolt,0.09220568287379516
1782,Jan Peter Peckolt,0.8962441681117002
1783,Zach Railey,0.33797254115291087
1784,Elise Rechichi,0.9475989264158101
1785,Diego Romero,0.4880687153068608
1786,Bryony Shaw,0.5899467422075261
1787,Isabel Swan,0.6737918868969422
1788,Anna Tunnicliffe,0.13218773210836887
1789,Gintare Volungeviciute-Scheidt,0.2735170123042302
1790,Jonas Warrer,0.566338592092319
1791,Nathan Wilmot,0.6200556536240388
1792,Pippa Wilson,0.476029021282546
1793,Merel Witteveen,0.9946948469980402
1794,Shahar Zubari,0.8470079924379166
1795,Sandra Azón,0.7400417112674134
1796,Kevin Burnham,0.15706319896013277
1797,Chris Draper,0.34418955530224515
1798,Gal Fridman,0.08921539492284036
1799,Andreas Geritzer,0.21673008742877398
1800,Dorte Jensen,0.5511105681339645
1801,Helle Jespersen,0.5334435457556498
1802,Nikos Kaklamanakis,0.9743366346836253
1803,Hanna Kalinina,0.4723983937757923
1804,Mateusz Kusznierewicz,0.23989730381151542
1805,Heorhiy Leonchuk,0.579956068761405
1806,Signe Livbjerg,0.7332656631249558
1807,John Lovell,0.20136511763706944
1808,Rodion Luka,0.40498406373750373
1809,Ross MacDonald,0.8119791986707224
1810,Svitlana Matevusheva,0.7697952936731751
1811,Faustine Merret,0.4896963858051314
1812,Charlie Ogletree,0.6053663077208905
1813,Christina Otzen,0.16083170763609989
1814,Pascal Rambeau,0.33744656147011254
1815,Xavier Rohart,0.044809541802422026
1816,Kazuto Seki,0.4440474728825794
1817,Lenka mídová,0.7910485142792425
1818,Siren Sundby,0.2490957164275318
1819,Kenjiro Todoroki,0.9460641167639983
1820,Therese Torgersson,0.9808130228646049
1821,Rafael Trujillo,0.7255664785145899
1822,Aimilia Tsoulfa,0.6967413343681411
1823,Natalia Vía Dufresne,0.260861830157032
1824,Mike Wolfs,0.6922963162818977
1825,Vendela Zachrisson-Santén,0.49585766992569713
1826,Serena Amato,0.9394185807795938
1827,Jenny Armstrong,0.15640420059620097
1828,Gunnar Bahr,0.4106150126014677
1829,Jesper Bank,0.6504551584600813
1830,Ian Barker,0.2266911996166252
1831,Michael Blackburn,0.6693721245286233
1832,Henrik Blakskjær,0.9875815554170965
1833,Ingo Borkowski,0.9191971350592568
1834,Javier Conte,0.10253176980089795
1835,Mark Covell,0.1233014100005092
1836,Paul Davis,0.8568312232586606
1837,Luca Devoti,0.3498896323944908
1838,John Forbes,0.5607729794973295
1839,Roland Gäbler,0.04250933324124018
1840,Pease Glaser,0.0641058747750437
1841,JJ Isler,0.23136643607786223
1842,Thomas Jacobsen,0.3640906556301531
1843,Jyrki Järvi,0.6396856963351674
1844,Herman Horn Johannessen,0.216723083491012
1845,Thomas Johanson,0.4469360985149322
1846,Barbara Kendall,0.043099385436986104
1847,Tom King,0.7658034799226897
1848,Magnus Liljedahl,0.7740177039139049
1849,Amelie Lux,0.3379261012042839
1850,Margriet Matthijsse,0.051233277297041746
1851,Aaron McIntosh,0.3892500450117161
1852,Charlie McKee,0.7946856888549091
1853,Jonathan McKee,0.38124150584670835
1854,Bob Merrick,0.46091262977887226
1855,Olena Pakholchyk,0.21876621894756798
1856,Mark Reynolds,0.24794404210942633
1857,Jochen Schümann,0.771773905571396
1858,René Schwall,0.6482737461618648
1859,Christoph Sieber,0.9433390609641168
1860,Espen Stokkeland,0.7038285348794545
1861,Belinda Stowell,0.9103133712550538
1862,Mark Turnbull,0.4388022843396995
1863,Ian Walker,0.20109500388002421
1864,Chantal Achterberg,0.2804469433620256
1865,Filip Adamski,0.07825102218926683
1866,Carina Bär,0.28044550112246114
1867,Jacob Barsøe,0.2690690532016
1868,Chris Bartley,0.7295097687197425
1869,Romano Battisti,0.6804689571015564
1870,Claudia Belderbos,0.7447703185072119
1871,Gabe Bergen,0.46034627182026966
1872,Hamish Bond,0.3541851200521422
1873,Carline Bouw,0.0012893659000662305
1874,Matthew Brittain,0.04308478542137362
1875,Jeremiah Brown,0.9027631711560427
1876,Ashley Brzozowicz,0.2097954705757571
1877,Alan Campbell,0.05633973300835704
1878,Peter Chambers,0.3665702627491437
1879,Richard Chambers,0.08117365894678619
1880,James Chapman,0.4255718643511751
1881,Nathan Cohen,0.08982009189338391
1882,Charlie Cole,0.7482394035143919
1883,Kat Copeland,0.8792509083966965
1884,Will Crothers,0.7716059610448509
1885,Douglas Csima,0.31034566697668897
1886,Sytske de Groot,0.879897834211261
1887,Rachelle De Jong-Viinberg,0.6965144756344368
1888,Natalie Dell,0.6163455085589357
1889,Yana Dementieva,0.5821124479705014
1890,Nataliya Dovhodko,0.32541177450025216
1891,Joshua Dunkley-Smith,0.09351191718333374
1892,Fie Udby Erichsen,0.8264023945083017
1893,James Foad,0.8041180341311688
1894,Karsten Forsterling,0.6897337346065096
1895,Magdalena Fularczyk,0.7493755241209014
1896,Scott Gault,0.20645436806831885
1897,Khristina Giazitzidou,0.07128418238150569
1898,Rob Gibson,0.48150526280217887
1899,Helen Glover,0.24992651950608524
1900,Alex Gregory,0.08516509910201386
1901,Tim Grohmann,0.8876167491573403
1902,Krista Guloien,0.6296105189381522
1903,Juliette Haigh,0.9825411402496281
1904,Janine Hanson,0.2120508889793864
1905,Phelan Hill,0.6447676872934471
1906,Kate Hornsey,0.4534885348400586
1907,Sophie Hosking,0.28217688428765475
1908,Huang Wenyi,0.8172920729180947
1909,Eric Johannesen,0.9158975312393158
1910,Megan Kalmoe,0.8925606253122581
1911,Mirka Knapková,0.5468836768105236
1912,Kara Kohler,0.36975557964895867
1913,Anastasiya Kozhenkova,0.17044779062650894
1914,Andreas Kuffner,0.20923871430303287
1915,William Lockwood,0.5822208174750885
1916,Esther Lofgren,0.6108118294140974
1917,Constantine Louloudis,0.21223308451343192
1918,Darcy Marquardt,0.8058197309373184
1919,Adrienne Martelli,0.0978839045281884
1920,Damir Martin,0.3493116113648159
1921,Natalie Mastracci,0.0013274339275692881
1922,Conlin McCabe,0.63353628570868
1923,James McRae,0.9886358845935668
1924,Florian Mennigen,0.05439973906109197
1925,Julia Michalska,0.9275353401717465
1926,Chris Morgan,0.008601499262090861
1927,Andréanne Morin,0.21952375787985634
1928,Lukas Müller,0.7640635966014787
1929,Eric Murray,0.8248587923194033
1930,Meghan Musnicki,0.025323438651540076
1931,George Nash,0.33523394278636354
1932,Sizwe Ndlovu,0.5883532620577313
1933,Daniel Noonan,0.2003810856060032
1934,Glenn Ochal,0.6462058509373843
1935,Sarah Outhwaite-Tait,0.10278535487206275
1936,Brooke Pratley,0.9323801148992221
1937,Tom Ransley,0.6504747781101973
1938,Maximilian Reinelt,0.10652495256717953
1939,Julia Richter,0.36229809767378174
1940,Taylor Ritzel,0.22845480788852623
1941,Henrik Rummel,0.30637393645427546
1942,David ain,0.1693795421099772
1943,Will Satch,0.5794888120273453
1944,Martin Sauer,0.49844079235137684
1945,Moe Sbihi,0.7384120358507926
1946,Anne Schellekens,0.4834405312438289
1947,Richard Schmidt,0.0950660647854793
1948,Lauritz Schoof,0.45782199243177346
1949,Karl Schulze,0.7090416215701154
1950,Rebecca Scown,0.21376943942211246
1951,Greg Searle,0.4193014917577724
1952,Martin Sinkovic,0.6338787635654771
1953,Valent Sinkovic,0.7540900154642074
1954,John Smith,0.9778533792125464
1955,Heather Stanning,0.3944821487264156
1956,Joseph Sullivan,0.10790047311628259
1957,Kateryna Tarasenko,0.4668351860158956
1958,Peter Taylor,0.624130636052805
1959,James Thompson,0.09449093648137896
1960,Alexandra Tsiavou,0.6577337681828438
1961,Storm Uru,0.44329274238578475
1962,Jacobine Veenhoven,0.7602624529093445
1963,Phillipp Wende,0.034532185808874516
1964,Kristof Wilke,0.8588146413922881
1965,Lauren Wilkinson,0.8548613686967567
1966,Rob Williams,0.5346902615320729
1967,Kasper Winther Jørgensen,0.2736340436617196
1968,Xu Dongxiang,0.7912704672047562
1969,Mads Andersen,0.49796727239460015
1970,Julien Bahain,0.6614566413074529
1971,Eniko Barabas-Mironcic,0.7130861286594644
1972,Jon Beare,0.07990693473854382
1973,Milosz Bernatajtys,0.012077830863425731
1974,Cédric Berrest,0.24646881360468975
1975,Micah Boyd,0.522079946955399
1976,Iain Brambell,0.37528803891632456
1977,Scott Brennan,0.3969518235679689
1978,George Bridgewater,0.5329072832985398
1979,Dave Calder,0.5567428525717246
1980,Tracy Cameron,0.7970859510602273
1981,Jonathan Coeffic,0.7852494585345448
1982,Steven Coppola,0.49159087668644663
1983,David Crawshay,0.5065601681060018
1984,Femke Dekker,0.35790098421103644
1985,Julien Després,0.6491381028810804
1986,Tõnu Endrekson,0.07363243414519383
1987,Scott Frandsen,0.7294959254495977
1988,Duncan Free,0.10817880021950843
1989,Gao Yulan,0.23727522612097818
1990,Anna Goodale,0.774711741592819
1991,Michelle Guerette,0.6963907609617904
1992,Kyle Hamilton,0.23165131414304985
1993,Alastair Heathcote,0.38611059687587357
1994,Francis Hegerty,0.11507986636310674
1995,Christiane Huth,0.8048408897560405
1996,Josh Inman,0.47539411571930423
1997,Michal Jelinski,0.6642264638753438
1998,Jin Ziwei,0.5206143028461717
1999,Melanie Kok,0.5308180193164533
2000,Marek Kolbowicz,0.8553836575195933
2001,Adam Korol,0.15666793140812707
2002,Adam Kreek,0.8856761193211434
2003,Mike Lewis,0.9321375414793064
2004,Kevin Light,0.5502999598530527
2005,Tom Lucy,0.43626089332899576
2006,James Marburg,0.7121341402824933
2007,Marcus McElhenney,0.7558528063848544
2008,Maxi McKenzie-McHarg,0.8508851533347755
2009,Dimitris Mougios,0.7993412081908334
2010,Acer Nethercott,0.023622100103658394
2011,Minna Nieminen,0.35515760783805816
2012,Liam Parsons,0.9301040830328346
2013,Bartlomiej Pawelczak,0.5392737856289251
2014,Lukasz Pawlowski,0.6837772663752119
2015,Pierre-Jean Peltier,0.20467090857632642
2016,Pawel Randa,0.8749660028174749
2017,Benjamin Rondeau,0.8586273515119066
2018,Stephen Rowbotham,0.3390141738830772
2019,Ben Rutledge,0.08379199633400969
2020,Stephanie Schiller,0.7004311962811619
2021,Matt Schnobrich,0.6649155193103499
2022,Lindsay Schoop,0.0037439431146005786
2023,Dominic Seiterle,0.006598902341452995
2024,Colin Smith,0.3977070707817856
2025,Tom Stallard,0.16574991843759845
2026,Sanna Stén,0.5848538683283199
2027,Simona Strimbeschi-Musat,0.478117281994618
2028,Tang Bin,0.5010089687529883
2029,Nathan Twaddle,0.6360612488246841
2030,Simone Venier,0.16914182524209054
2031,Annie Vernon,0.28967735989663657
2032,Daniel Walsh,0.09657503274287771
2033,Konrad Wasielewski,0.022762309841591333
2034,Josh West,0.6524473267400125
2035,Wu You,0.8866602891378043
2036,Xi Aihua,0.4024672571990565
2037,Zhang Yangyang,0.9685261002846182
2038,Chris Ahrens,0.6062441741845893
2039,Catello Amarante,0.8192045945651197
2040,Salvatore Amitrano,0.11347898228865105
2041,Cam Baerg,0.4275983096428907
2042,Dan Beery,0.8401715290234194
2043,Lorenzo Bertini,0.38277603696583007
2044,Serhiy Biloushchenko,0.20169055269709146
2045,Cath Bishop,0.42259101829690116
2046,Amber Bradley,0.35244457732132684
2047,Donnie Cech,0.9522608360547519
2048,Chun Wei Cheung,0.3829780888529446
2049,Aurica Chirita-Barascu,0.8482102382431267
2050,Pete Cipollone,0.196584620204869
2051,Ed Coode,0.5888943927287911
2052,Alison Cox,0.2177248399785482
2053,Ben Cureton,0.12903575040273363
2054,Matt Deakin,0.25390767598944364
2055,Hurnet Dekkers,0.7286202303388846
2056,Dario Dentale,0.45134478052922133
2057,Geert-Jan Derksen,0.10410935863448678
2058,Ramon di Clemente,0.485415217082216
2059,Megan Dirkmaat,0.7742297611071067
2060,Frédéric Dufour,0.9961424482251057
2061,Gerritjan Eggenkamp,0.872739751194536
2062,Dana Faletic,0.9916915197905041
2063,Sergey Fedorovtsev,0.5745893192276587
2064,Jan-Willem Gabriëls,0.2878009907540644
2065,Jakub Hanák,0.21536038604263275
2066,Joey Hansen,0.6628259400804766
2067,Adrien Hardy,0.19355433017583978
2068,Tom Herschmiller,0.8702296864236305
2069,Nienke Hommes,0.6258054649916897
2070,Kerry Hore,0.7772988092360589
2071,Serhiy Hryn,0.8303843876339434
2072,David Jirka,0.08041074177766272
2073,Katie Johnson,0.3284146592860975
2074,Tomá Karas,0.8188154805764324
2075,David Kopriva,0.2732490993517305
2076,Laurel Korholz,0.6180572268431753
2077,Igor Kravtsov,0.609991172881146
2078,Thor Kristensen,0.2898136346029313
2079,Raffaello Leonardo,0.7372779349252949
2080,Glen Loftus,0.17321917841276802
2081,Oleh Lykov,0.5665129764590903
2082,Sam Magee,0.5697751837455991
2083,Bruno Mascarenhas,0.14410393118875897
2084,Daniël Mensch,0.5132167913650008
2085,Alison Mowbray,0.22912188173085757
2086,Stephan Mølvig,0.9896187168672818
2087,Lianne Nelson,0.5881419039490186
2088,Lorenzo Porzio,0.8418067918400383
2089,Jason Read,0.1650952333910236
2090,Daniela Reimer,0.1805110005513404
2091,Stuart Reside,0.5187913332154432
2092,Rebecca Sattin,0.9264751391498922
2093,Leonid Shaposhnykov,0.607943927098401
2094,Nikos Skiathitis,0.2921275014868845
2095,Nikolay Spinev,0.15037344437536426
2096,Steve Stewart,0.45427951954711265
2097,Aleksey Svirin,0.04950699823202065
2098,Stefan Szczurowski,0.7050021700621736
2099,Michael Toon,0.20467721763749747
2100,Matthijs Vellenga,0.17421841698565155
2101,Gijs Vermeulen,0.948420591123491
2102,Sébastien Vielledent,0.3179017930633472
2103,Peggy Waleska,0.6238057699597123
2104,Froukje Wegman,0.5119924048182356
2105,Barney Williams,0.8326184474380425
2106,Sarah Winckless,0.47208660042832984
2107,Ivo Yanakiev,0.029255296837069067
2108,Agostino Abbagnale,0.7311082120003768
2109,Buffy Alexander-Williams,0.0948363056296797
2110,Michel Andrieux,0.7331571489018773
2111,Tessa Appeldoorn,0.45631526787897103
2112,Louis Attrill,0.27732051037900296
2113,Darren Balmforth,0.8639390544859368
2114,Guin Batten,0.9951830896562305
2115,Miriam Batten,0.7820753159188656
2116,Sebastian Bea,0.4867865490681479
2117,Fredrik Bekken,0.6531767443093227
2118,Jean-Christophe Bette,0.0049981131269887236
2119,Laryssa Biesenthal,0.31572385222362287
2120,Igor Boraska,0.2817069879103965
2121,Dan Burke,0.5874428398083015
2122,Giovanni Calabrese,0.8509020862838392
2123,Lorenzo Carboncini,0.12530187869639675
2124,Thibaud Chapelle,0.6391662945170243
2125,Veronica Cogeanu-Cochelea,0.8310049324442113
2126,Christine Collins,0.3043534766154353
2127,Kreimir Culjak,0.3049616950906483
2128,Heather Davis,0.41045139000016195
2129,Riccardo Dei Rossi,0.7610652369456721
2130,Simon Dennis,0.3370648896367934
2131,Ben Dodwell,0.04902196695668981
2132,Xavier Dorfmann,0.7651504609789791
2133,Oksana Dorodnova,0.8273190804760426
2134,Rowley Douglas,0.24020536826260286
2135,Maria Dumitrache,0.22793118521104316
2136,Victor Feddersen,0.15720226035082374
2137,Irina Fedotova,0.3525945225939163
2138,Jaime Fernandez,0.22826716400370095
2139,Tim Foster,0.47557755893716425
2140,Igor Francetic,0.48186944835965506
2141,Tihomir Frankovic,0.2343344560636802
2142,Sarah Garner,0.9226112830747436
2143,Marco Geisler,0.5779069679597417
2144,Alastair Gordon,0.5560988943806252
2145,Luka Grubor,0.7256937346765315
2146,Marcel Hacker,0.5007909978746514
2147,Andreas Hajek,0.08575646178947338
2148,Brett Hayman,0.6044770782488781
2149,Yves Hocdé,0.5247645055372165
2150,Ben Hunt-Davis,0.6517571052035462
2151,Rob Jahrling,0.700990239595452
2152,Alison Korn,0.878374487816587
2153,Manja Kowalski,0.4908277815534807
2154,Karen Kraft,0.6568780189309603
2155,Yuliya Levina,0.5152923664926635
2156,Andrew Lindsay,0.22442275219508112
2157,Gillian Lindsay,0.5445440739737419
2158,Dirk Lippits,0.3730699299065293
2159,Matthew Long,0.31989860175993556
2160,Elia Luini,0.9357739548059664
2161,Theresa Luke,0.3476191624539673
2162,Søren Madsen,0.1351470059948161
2163,Heather McDermid,0.2211591842932894
2164,Elien Meijer,0.30126164634747077
2165,Larisa Merk,0.808095653000846
2166,Valter Molea,0.1998763607072268
2167,Carlo Mornati,0.7212354728586879
2168,Xeno Müller,0.3387265478684697
2169,Ted Murphy,0.46650223738837115
2170,Ioana Olteanu,0.24545985721144792
2171,Nelleke Penninx,0.7803166222251106
2172,Silvijo Petriko,0.4218483576456753
2173,Leonardo Pettinari,0.6573650656224169
2174,Kristina Poplavskaja,0.8668647156824473
2175,Laurent Porchier,0.42094383385638245
2176,Nick Porzig,0.5702035175290555
2177,Martijntje Quik,0.4763042556516668
2178,Steven Redgrave,0.8502561607747525
2179,Robert Richards,0.46281572309130126
2180,Emma Robinson,0.6119260249632946
2181,Jean-Christophe Rolland,0.37558116593055046
2182,Christian Ryan,0.5646100180494799
2183,Birute akickiene,0.3052907425443564
2184,Nicola Sartori,0.29490573254728936
2185,Fred Scarlett,0.09317599489943262
2186,Missy Schwen-Ryan,0.8323368235879762
2187,Kate Slatter,0.35130922934209274
2188,Tomislav Smoljanovic,0.3475593015769606
2189,Rachael Taylor,0.962364598991667
2190,Carin ter Beek,0.4067706368728934
2191,Jana Thieme,0.6719860861943675
2192,Steve Trapmore,0.5687510943503388
2193,Dorota Urbaniak,0.6011562606170117
2194,Anneke Venema,0.651481137289958
2195,Jochem Verberne,0.46920109762242057
2196,Valerie Viehoff,0.42247904809707837
2197,Stephan Volkert,0.47801085576482705
2198,Branimir Vujevic,0.5477942749268292
2199,Rob Waddell,0.03767428464867839
2200,Kieran West,0.3896583884649635
2201,Marieke Westerhof,0.4460539336698659
2202,André Willms,0.158644427690382
2203,Anastasiya Bliznyuk,0.024203067871753303
2204,Lyubov Cherkashina,0.2632175918458728
2205,Darya Dmitriyeva,0.7930638242106344
2206,Ulyana Donskova,0.32011859887092853
2207,Kseniya Dudkina,0.07865676762594664
2208,Marina Goncharova,0.47745633344877525
2209,Romina Laurito,0.5402034605506453
2210,Nataliya Leshchik,0.48541973394195803
2211,Alina Makarenko,0.7101428549597576
2212,Aleksandra Narkevich,0.9008165413915032
2213,Anastasiya Nazarenko,0.17825160350891156
2214,Marta Pagnini,0.26940319070634444
2215,Angelica Savrayuk,0.8641202710996714
2216,Karolina Sevastyanova,0.4528969502865008
2217,Andreea Stefanescu,0.8223558278244579
2218,Margarita Aliychuk,0.6932057837808371
2219,Alesya Babushkina,0.13136932699797066
2220,Cai Tongtong,0.2107431962612374
2221,Chou Tao,0.5063793999576209
2222,Anna Gavrilenko,0.7900144867897224
2223,Tatyana Gorbunova,0.8889743642140372
2224,Lu Yuanyang,0.03186342707140277
2225,Zina Lunina,0.18881506396711834
2226,Glafira Martinovich,0.8936472152465335
2227,Darya Shkurikhina,0.19849230543497698
2228,Sui Jianshuang,0.4800259555655868
2229,Sun Dan,0.7384601045316473
2230,Zhang Shuo,0.14294180578466575
2231,Inna Zhukova,0.2872976317271013
2232,Nataliya Zuyeva,0.5532722246618855
2233,Olesya Belugina,0.24552706244084122
2234,Irina Chashchina,0.6929624249323643
2235,Fabrizia D'Ottavio,0.35775239141212334
2236,Marinella Falca,0.2599395377106867
2237,Olga Glatskikh,0.3967539899306136
2238,Zhaneta Ilieva,0.11273933227326605
2239,Ele?nora Kezhova,0.7398913431126908
2240,Tatyana Kurbakova,0.6103865257423683
2241,Zornitsa Marinova,0.22898458632097618
2242,Daniela Masseroni,0.9890801477770812
2243,Yelena Murzina,0.36201072716628224
2244,Kristina Rangelova,0.04036618979439066
2245,Galina Tancheva,0.9115819891354456
2246,Vladislava Tancheva,0.5042605573202364
2247,Laura Vernizzi,0.9461891336445217
2248,Tatyana Ananko,0.6566870430007634
2249,Eirini A?ndili,0.593948780506384
2250,Yuliya Barsukova,0.6638434492410508
2251,Tatyana Belan,0.15723949724132913
2252,Irina Belova,0.4288620783545679
2253,Maria Georgatou,0.01773830410144006
2254,Anna Glazkova,0.2685463002918098
2255,Irina Ilenkova,0.3550018303318454
2256,Zara Karyami,0.9474686267212387
2257,Eva Khristodoulou,0.345961565672698
2258,Mariya Lazuk,0.3596259685801425
2259,Mariya Netesova,0.2932181784061215
2260,Kharikleia Pantazi,0.9008068800417788
2261,Anna Polatou,0.343043271186926
2262,Olga Puzhevich,0.7919532292920813
2263,Yuliya Raskina,0.6910819950500513
2264,Yelena Shalamova,0.5084948450797357
2265,Vera Shimanskaya,0.3287401965099943
2266,Irina Zilber,0.029205741840778288
2267,Brett Camerota,0.9401163018812699
2268,Tino Edelmann,0.34299755736219906
2269,Eric Frenzel,0.6117573965567603
2270,David Kreiner,0.8453274638497174
2271,Jason Lamy-Chappuis,0.40619171185713754
2272,Todd Lodwick,0.6823485754494905
2273,Alessandro Pittin,0.8479627015919938
2274,Johannes Rydzek,0.42204170516045103
2275,Jens Gaiser,0.15660468649633819
2276,Anssi Koivuranta,0.3369962430560238
2277,Antti Kuisma,0.08904964065459509
2278,Marcel Höhlig,0.06555112584613076
2279,Jari Mantila,0.8195467719068813
2280,Laura Asadauskaite,0.8323864189318285
2281,Cao Zhongrong,0.45530220884899
2282,Ádám Marosi,0.8784734029216299
2283,Yane Marques,0.6629287158542441
2284,Samantha Murray,0.9464402317488702
2285,David Svoboda,0.05404476525430568
2286,Heather Fell,0.7914692762729858
2287,Edvinas Krungolcas,0.7675057890025563
2288,Lena Schöneborn,0.11925478048851201
2289,Viktoriya Tereshchuk,0.14620317969201013
2290,Libor Capalini,0.1092244251090364
2291,Georgina Harland,0.6068539761141185
2292,Jelena Rublevska,0.48885979067601926
2293,Zsuzsa Voros,0.8295093213308553
2294,Kate Allenby,0.9955534556161529
2295,Gábor Balogh,0.7246329635370276
2296,Steph Cook,0.3600794748820999
2297,Emily deRiel,0.06914121967000764
2298,Pavel Dovgal,0.17676699242102933
2299,Dmitry Svatkovsky,0.4240950539638476
